[
    {
      "model": "app.configuracion",
      "pk": 1,
      "fields": {
        "secret_key": "hfmrpTNRwmQ1F7gZI1DNKaQ9gNw3cgayKFB0HK_gt9BKJEnLy60v1v0PnkZtX3OkY48",
        "sentry_dsn": "https://94c6575f877d16a00cc74bcaaab5ae79@o4508258791653376.ingest.us.sentry.io/4508258794471424",
        "debug_mode": true,
        "test_user": "Pablo Lelo de Larrea H.",
        "test_phone_number": "+525518490291",
        "test_email": "pablo@huntred.com",
        "default_platform": "whatsapp",
        "notification_hour": "08:15:00",
        "is_test_mode": true,
        "default_flow_model": 1
      }
    },
    {
      "model": "app.businessunit",
      "pk": 1,
      "fields": {
        "name": "huntRED",
        "description": "",
        "whatsapp_enabled": false,
        "telegram_enabled": false,
        "messenger_enabled": false,
        "instagram_enabled": false,
        "scrapping_enabled": false,
        "scraping_domains": [
          "https://example.com",
          "https://another-example.com",
          "https://amigro.org"
        ]
      }
    },
    {
      "model": "app.businessunit",
      "pk": 2,
      "fields": {
        "name": "huntRED_executive",
        "description": "",
        "whatsapp_enabled": false,
        "telegram_enabled": false,
        "messenger_enabled": false,
        "instagram_enabled": false,
        "scrapping_enabled": false,
        "scraping_domains": [
          "https://example.com",
          "https://another-example.com",
          "https://amigro.org"
        ]
      }
    },
    {
      "model": "app.businessunit",
      "pk": 3,
      "fields": {
        "name": "huntu",
        "description": "",
        "whatsapp_enabled": false,
        "telegram_enabled": false,
        "messenger_enabled": false,
        "instagram_enabled": false,
        "scrapping_enabled": false,
        "scraping_domains": [
          "https://example.com",
          "https://another-example.com",
          "https://amigro.org"
        ]
      }
    },
    {
      "model": "app.businessunit",
      "pk": 4,
      "fields": {
        "name": "amigro",
        "description": "",
        "whatsapp_enabled": true,
        "telegram_enabled": true,
        "messenger_enabled": true,
        "instagram_enabled": true,
        "scrapping_enabled": true,
        "scraping_domains": [
          "https://careers.honeywell.com/us/en/search-results?keywords=&p=ChIJU1NoiDs6BIQREZgJa760ZO0&location=Mexico",
          "https://santander.wd3.myworkdayjobs.com/es/SantanderCareers?locationCountry=e2adff9272454660ac4fdb56fc70bb51"
        ]
      }
    },
    {
      "model": "app.etapa",
      "pk": 1,
      "fields": {
        "nombre": "Bienvenida",
        "descripcion": "Etapa inicial para dar la bienvenida a los usuarios",
        "activo": true
      }
    },
    {
      "model": "app.etapa",
      "pk": 2,
      "fields": {
        "nombre": "Registro",
        "descripcion": "Etapa para recopilar la información de los usuarios",
        "activo": true
      }
    },
    {
      "model": "app.etapa",
      "pk": 3,
      "fields": {
        "nombre": "Ver Oportunidades",
        "descripcion": "Etapa para mostrar vacantes y oportunidades disponibles",
        "activo": true
      }
    },
    {
      "model": "app.etapa",
      "pk": 4,
      "fields": {
        "nombre": "Actualizar Perfil",
        "descripcion": "Etapa para que los usuarios puedan actualizar su información",
        "activo": true
      }
    },
    {
      "model": "app.etapa",
      "pk": 5,
      "fields": {
        "nombre": "Invitar Amigos",
        "descripcion": "Etapa para invitar a conocidos a la plataforma",
        "activo": true
      }
    },
    {
      "model": "app.etapa",
      "pk": 6,
      "fields": {
        "nombre": "Términos y Condiciones",
        "descripcion": "Etapa para confirmar la aceptación de términos y condiciones",
        "activo": true
      }
    },
    {
      "model": "app.etapa",
      "pk": 7,
      "fields": {
        "nombre": "Contacto",
        "descripcion": "Etapa para recopilar datos de contacto de los usuarios",
        "activo": true
      }
    },
    {
      "model": "app.etapa",
      "pk": 8,
      "fields": {
        "nombre": "Solicitar Ayuda",
        "descripcion": "Etapa para que los usuarios soliciten ayuda o asistencia",
        "activo": true
      }
    },
    {
      "model": "app.flowmodel",
      "pk": 1,
      "fields": {
        "name": "Amigro Migrante Chatbot",
        "description": "Flujo principal para el registro de migrantes, interacción con ellos y aplicaciones a vacantes.",
        "business_unit": 4,
        "flow_data_json": [
          {
            "pk": 1,
            "model": "app.pregunta",
            "fields": {
              "name": "Bienvenida",
              "content": "¡Bienvenido a Amigro.org! Somos una plataforma que ayuda a migrantes en la búsqueda de empleo y asistencia.",
              "input_type": "info",
              "option": "texto",
              "valid": true,
              "requires_response": false,
              "active": true,
              "decision": {
                "next_si": 2,
                "next_no": null
              },
              "etapa": 1,
              "flow": 1
            }
          },
          {
            "pk": 2,
            "model": "app.pregunta",
            "fields": {
              "name": "Envio Logo Amigro",
              "content": "Aquí te mostramos nuestro logo:",
              "input_type": "image",
              "option": "URL Imagen",
              "valid": true,
              "requires_response": false,
              "active": true,
              "decision": {
                "next_si": 3,
                "next_no": null
              }
            }
          },
          {
            "pk": 3,
            "model": "app.pregunta",
            "fields": {
              "name": "Envio URL TOS",
              "content": "Aquí puedes consultar nuestros Términos y Condiciones: https://amigro.org/tos/",
              "input_type": "link",
              "option": "URL",
              "valid": true,
              "requires_response": false,
              "active": true,
              "decision": {
                "next_si": 4,
                "next_no": null
              }
            }
          },
          {
            "pk": 4,
            "model": "app.pregunta",
            "fields": {
              "name": "Aceptación de TOS",
              "content": "¿Aceptas nuestros Términos y Condiciones?",
              "input_type": "select",
              "option": "Si / No",
              "valid": true,
              "requires_response": true,
              "active": true,
              "decision": {
                "next_si": 5,
                "next_no": 6
              },
              "etapa": 1,
              "flow": 1
            }
          },
          {
            "pk": 5,
            "model": "app.pregunta",
            "fields": {
              "name": "Términos Aceptados",
              "content": "Gracias por aceptar los Términos y Condiciones. ¡Continuemos con tu registro!",
              "input_type": "info",
              "option": "texto",
              "valid": true,
              "requires_response": false,
              "active": true,
              "decision": {
                "next_si": 7,
                "next_no": null
              }
            }
          },
          {
            "pk": 6,
            "model": "app.pregunta",
            "fields": {
              "name": "Términos Rechazados",
              "content": "Lamentamos que no aceptes nuestros Términos. No podemos continuar sin tu aceptación.",
              "input_type": "info",
              "option": "texto",
              "valid": true,
              "requires_response": false,
              "active": true,
              "decision": {
                "next_si": null,
                "next_no": null
              }
            }
          },
          {
            "pk": 7,
            "model": "app.pregunta",
            "fields": {
              "name": "Registro - Nombre",
              "content": "Por favor, ingresa tu nombre:",
              "input_type": "text",
              "option": "texto",
              "valid": true,
              "requires_response": true,
              "active": true,
              "decision": {
                "next_si": 8,
                "next_no": null
              },
              "etapa": 1,
              "flow": 1
            }
          },
          {
            "pk": 8,
            "model": "app.pregunta",
            "fields": {
              "name": "Registro - Apellido Paterno",
              "content": "Por favor, ingresa tu apellido paterno:",
              "input_type": "text",
              "option": "texto",
              "valid": true,
              "requires_response": true,
              "active": true,
              "decision": {
                "next_si": 9,
                "next_no": null
              },
              "etapa": 1,
              "flow": 1
            }
          },
          {
            "pk": 9,
            "model": "app.pregunta",
            "fields": {
              "name": "Registro - Apellido Materno",
              "content": "Por favor, ingresa tu apellido materno:",
              "input_type": "text",
              "option": "texto",
              "valid": true,
              "requires_response": true,
              "active": true,
              "decision": {
                "next_si": 10,
                "next_no": null
              },
              "etapa": 1,
              "flow": 1
            }
          },
          {
            "pk": 10,
            "model": "app.pregunta",
            "fields": {
              "name": "Registro - Fecha de Nacimiento",
              "content": "Por favor, ingresa tu fecha de nacimiento (DD/MM/AAAA):",
              "input_type": "date",
              "option": "texto",
              "valid": true,
              "requires_response": true,
              "active": true,
              "decision": {
                "next_si": 11,
                "next_no": null
              },
              "etapa": 1,
              "flow": 1
            }
          },
          {
            "pk": 11,
            "model": "app.pregunta",
            "fields": {
              "name": "Registro - Nacionalidad",
              "content": "¿Cuál es tu nacionalidad?",
              "input_type": "text",
              "option": "texto",
              "valid": true,
              "requires_response": true,
              "active": true,
              "decision": {
                "next_si": 12,
                "next_no": null
              },
              "etapa": 1,
              "flow": 1
            }
          },
          {
            "pk": 12,
            "model": "app.pregunta",
            "fields": {
              "name": "Registro - Sexo",
              "content": "¿Cuál es tu sexo? (Hombre/Mujer):",
              "input_type": "select",
              "option": "Hombre / Mujer",
              "valid": true,
              "requires_response": true,
              "active": true,
              "decision": {
                "next_si": 13,
                "next_no": null
              },
              "etapa": 1,
              "flow": 1
            }
          },
          {
            "pk": 13,
            "model": "app.pregunta",
            "fields": {
              "name": "Viajas con Familia",
              "content": "¿Viajas con tu familia?",
              "input_type": "select",
              "option": "Sí / No",
              "valid": true,
              "requires_response": true,
              "active": true,
              "decision": {
                "next_si": 14,
                "next_no": 15
              },
              "etapa": 1,
              "flow": 1
            }
          },
          {
            "pk": 14,
            "model": "app.pregunta",
            "fields": {
              "name": "Viajas con Hijos Menores",
              "content": "¿Viajas con hijos menores de edad?",
              "input_type": "select",
              "option": "Sí / No",
              "valid": true,
              "requires_response": true,
              "active": true,
              "decision": {
                "next_si": 16,
                "next_no": 15
              },
              "etapa": 1,
              "flow": 1
            }
          },
          {
            "pk": 15,
            "model": "app.pregunta",
            "fields": {
              "name": "Viajas con conocidos o en grupo",
              "content": "¿Viajas con conocidos o en grupo?",
              "input_type": "select",
              "option": "Si / No",
              "valid": true,
              "requires_response": true,
              "active": true,
              "decision": {
                "next_si": 16,
                "next_no": 20
              },
              "etapa": 1,
              "flow": 1
            }
          },
          {
            "pk": 16,
            "model": "app.pregunta",
            "fields": {
              "name": "Nombre del Conocido",
              "content": "Por favor, ingresa el nombre del conocido que quieres invitar.",
              "input_type": "text",
              "option": "texto",
              "valid": true,
              "requires_response": true,
              "active": true,
              "decision": {
                "next_si": 17,
                "next_no": null
              },
              "etapa": 1,
              "flow": 1
            }
          },
          {
            "pk": 17,
            "model": "app.pregunta",
            "fields": {
              "name": "Apellido del Conocido",
              "content": "Por favor, ingresa el apellido paterno del conocido que quieres invitar.",
              "input_type": "text",
              "option": "texto",
              "valid": true,
              "requires_response": true,
              "active": true,
              "decision": {
                "next_si": 18,
                "next_no": null
              },
              "etapa": 1,
              "flow": 1
            }
          },
          {
            "pk": 18,
            "model": "app.pregunta",
            "fields": {
              "name": "Número de Contacto del Conocido",
              "content": "Por favor, ingresa el número de contacto del conocido.",
              "input_type": "phone",
              "option": "texto",
              "valid": true,
              "requires_response": true,
              "active": true,
              "decision": {
                "next_si": 19,
                "next_no": null
              },
              "etapa": 1,
              "flow": 1
            }
          },
          {
            "pk": 19,
            "model": "app.pregunta",
            "fields": {
              "name": "Más Conocidos",
              "content": "¿Quieres invitar a alguien más?",
              "input_type": "select",
              "option": "Si / No",
              "valid": true,
              "requires_response": true,
              "active": true,
              "decision": {
                "next_si": 16,
                "next_no": 20
              },
              "etapa": 1,
              "flow": 1
            }
          },
          {
            "pk": 20,
            "model": "app.pregunta",
            "fields": {
              "name": "Solicitaste Refugio / Asilo",
              "content": "¿Solicitaste Refugio o Asilo?",
              "input_type": "select",
              "option": "Si / No",
              "valid": true,
              "requires_response": true,
              "active": true,
              "decision": {
                "next_si": 21,
                "next_no": 25
              },
              "etapa": 1,
              "flow": 1
            }
          },
          {
            "pk": 21,
            "model": "app.pregunta",
            "fields": {
              "name": "Cuentas con permiso humanitario",
              "content": "¿Cuentas con un permiso por razones humanitarias?",
              "input_type": "select",
              "option": "Si / No",
              "valid": true,
              "requires_response": true,
              "active": true,
              "decision": {
                "next_si": 24,
                "next_no": 22
              },
              "etapa": 1,
              "flow": 1
            }
          },
          {
            "pk": 22,
            "model": "app.pregunta",
            "fields": {
              "name": "Tienes una cita para refugio",
              "content": "¿Tienes una cita para tramitar el refugio?",
              "input_type": "select",
              "option": "Si / No",
              "valid": true,
              "requires_response": true,
              "active": true,
              "decision": {
                "next_si": 23,
                "next_no": 25
              },
              "etapa": 1,
              "flow": 1
            }
          },
          {
            "pk": 23,
            "model": "app.pregunta",
            "fields": {
              "name": "Fecha de la cita",
              "content": "¿Cuándo es tu cita?",
              "input_type": "date",
              "option": "texto",
              "valid": true,
              "requires_response": true,
              "active": true,
              "decision": {
                "next_si": 25,
                "next_no": null
              },
              "etapa": 1,
              "flow": 1
            }
          },
          {
            "pk": 24,
            "model": "app.pregunta",
            "fields": {
              "name": "Solicitar Refugio en México",
              "content": "¿Planeas solicitar refugio en México?",
              "input_type": "select",
              "option": "Si / No",
              "valid": true,
              "requires_response": true,
              "active": true,
              "decision": {
                "next_si": null,
                "next_no": 25
              },
              "etapa": 1,
              "flow": 1
            }
          },
          {
            "pk": 25,
            "model": "app.pregunta",
            "fields": {
              "name": "Buscas trabajo en México",
              "content": "¿Buscas trabajo en México?",
              "input_type": "select",
              "option": "Si / No",
              "valid": true,
              "requires_response": true,
              "active": true,
              "decision": {
                "next_si": 26,
                "next_no": null
              },
              "etapa": 1,
              "flow": 1
            }
          },
          {
            "pk": 26,
            "model": "app.pregunta",
            "fields": {
              "name": "Excelente",
              "content": "¡Excelente! Vamos a continuar con el registro.",
              "input_type": "info",
              "option": "texto",
              "valid": true,
              "requires_response": false,
              "active": true,
              "decision": {
                "next_si": 27,
                "next_no": null
              },
              "etapa": 1,
              "flow": 1
            }
          },
          {
            "pk": 27,
            "model": "app.pregunta",
            "fields": {
              "name": "Documentación adicional",
              "content": "Faltan un par de cosas: ¿Cuentas con alguna documentación adicional como pasaporte o permiso de trabajo?",
              "input_type": "info",
              "option": "texto",
              "valid": true,
              "requires_response": false,
              "active": true,
              "decision": {
                "next_si": 28,
                "next_no": null
              },
              "etapa": 1,
              "flow": 1
            }
          },
          {
            "pk": 28,
            "model": "app.pregunta",
            "fields": {
              "name": "Documento del País de Origen",
              "content": "¿Cuentas con documentos de tu país de origen, como pasaporte o registro de población?",
              "input_type": "select",
              "option": "Sí / No",
              "valid": true,
              "requires_response": true,
              "active": true,
              "decision": {
                "next_si": 29,
                "next_no": 32
              },
              "etapa": 1,
              "flow": 1
            }
          },
          {
            "pk": 29,
            "model": "app.pregunta",
            "fields": {
              "name": "¿Qué Documento?",
              "content": "¿Qué documento es?",
              "input_type": "text",
              "option": "texto",
              "valid": true,
              "requires_response": true,
              "active": true,
              "decision": {
                "next_si": 30,
                "next_no": null
              },
              "etapa": 1,
              "flow": 1
            }
          },
          {
            "pk": 30,
            "model": "app.pregunta",
            "fields": {
              "name": "Número del Documento",
              "content": "¿Me puedes proporcionar el número de tu documento, por favor?",
              "input_type": "text",
              "option": "texto",
              "valid": true,
              "requires_response": true,
              "active": true,
              "decision": {
                "next_si": 31,
                "next_no": null
              },
              "etapa": 1,
              "flow": 1
            }
          },
          {
            "pk": 31,
            "model": "app.pregunta",
            "fields": {
              "name": "Tienes algún otro documento?",
              "content": "¿Tienes algún otro documento de tu país de origen?",
              "input_type": "select",
              "option": "Sí / No",
              "valid": true,
              "requires_response": true,
              "active": true,
              "decision": {
                "next_si": 32,
                "next_no": 34
              },
              "etapa": 1,
              "flow": 1
            }
          },
          {
            "pk": 32,
            "model": "app.pregunta",
            "fields": {
              "name": "Cuentas con permiso para laborar?",
              "content": "¿Cuentas con un permiso para trabajar en México?",
              "input_type": "select",
              "option": "Sí / No",
              "valid": true,
              "requires_response": true,
              "active": true,
              "decision": {
                "next_si": 33,
                "next_no": 34
              },
              "etapa": 1,
              "flow": 1
            }
          },
          {
            "pk": 33,
            "model": "app.pregunta",
            "fields": {
              "name": "Buenisimo que tienes ya permiso para laborar.",
              "content": "¡Buenísimo que ya tienes permiso para trabajar! Vamos a continuar.",
              "input_type": "text",
              "option": "texto",
              "valid": true,
              "requires_response": false,
              "active": true,
              "decision": {
                "next_si": 34,
                "next_no": null
              },
              "etapa": 1,
              "flow": 1
            }
          },
          {
            "pk": 34,
            "model": "app.pregunta",
            "fields": {
              "name": "¿Cuándo tramitaste tu permiso?",
              "content": "¿Cuándo tramitaste tu permiso de trabajo?",
              "input_type": "date",
              "option": "texto",
              "valid": true,
              "requires_response": true,
              "active": true,
              "decision": {
                "next_si": 35,
                "next_no": null
              },
              "etapa": 1,
              "flow": 1
            }
          },
          {
            "pk": 35,
            "model": "app.pregunta",
            "fields": {
              "name": "Vigencia del Permiso",
              "content": "¿Cuál es la vigencia de tu permiso?",
              "input_type": "date",
              "option": "texto",
              "valid": true,
              "requires_response": true,
              "active": true,
              "decision": {
                "next_si": 36,
                "next_no": null
              },
              "etapa": 1,
              "flow": 1
            }
          },
          {
            "pk": 36,
            "model": "app.pregunta",
            "fields": {
              "name": "Cuentas con CURP?",
              "content": "¿Cuentas con un CURP emitido en México?",
              "input_type": "select",
              "option": "Sí / No",
              "valid": true,
              "requires_response": true,
              "active": true,
              "decision": {
                "next_si": 37,
                "next_no": 38
              },
              "etapa": 1,
              "flow": 1
            }
          },
          {
            "pk": 37,
            "model": "app.pregunta",
            "fields": {
              "name": "Captura CURP",
              "content": "Por favor, ingresa tu CURP. Esto es necesario para procesos de alta laboral.",
              "input_type": "text",
              "option": "texto",
              "valid": true,
              "requires_response": true,
              "active": true,
              "decision": {
                "next_si": 38,
                "next_no": null
              },
              "etapa": 1,
              "flow": 1
            }
          },
          {
            "pk": 38,
            "model": "app.pregunta",
            "fields": {
              "name": "Documento emitido por autoridad mexicana",
              "content": "¿Cuentas con algún otro documento emitido por una autoridad mexicana?",
              "input_type": "select",
              "option": "Sí / No",
              "valid": true,
              "requires_response": true,
              "active": true,
              "decision": {
                "next_si": 39,
                "next_no": 40
              },
              "etapa": 1,
              "flow": 1
            }
          },
          {
            "pk": 39,
            "model": "app.pregunta",
            "fields": {
              "name": "¿Qué documento es?",
              "content": "¿Qué documento es?",
              "input_type": "text",
              "option": "texto",
              "valid": true,
              "requires_response": true,
              "active": true,
              "decision": {
                "next_si": 40,
                "next_no": null
              },
              "etapa": 1,
              "flow": 1
            }
          },
          {
            "pk": 40,
            "model": "app.pregunta",
            "fields": {
              "name": "Ubicación Actual",
              "content": "Ya casi terminamos. Por favor, comparte tu ubicación actual o escríbela manualmente.",
              "input_type": "location",
              "option": "texto",
              "valid": true,
              "requires_response": true,
              "active": true,
              "decision": {
                "next_si": 41,
                "next_no": null
              },
              "etapa": 1,
              "flow": 1
            }
          },
          {
            "pk": 41,
            "model": "app.pregunta",
            "fields": {
              "name": "Trabajo Actual o Última Posición",
              "content": "¿En qué trabajas actualmente o cuál fue tu última posición?",
              "input_type": "text",
              "option": "texto",
              "valid": true,
              "requires_response": true,
              "active": true,
              "decision": {
                "next_si": 42,
                "next_no": null
              },
              "etapa": 1,
              "flow": 1
            }
          },
          {
            "pk": 42,
            "model": "app.pregunta",
            "fields": {
              "name": "Sector de la Empresa",
              "content": "¿En qué sector o industria estaba la empresa?",
              "input_type": "text",
              "option": "texto",
              "valid": true,
              "requires_response": true,
              "active": true,
              "decision": {
                "next_si": 43,
                "next_no": null
              },
              "etapa": 1,
              "flow": 1
            }
          },
          {
            "pk": 43,
            "model": "app.pregunta",
            "fields": {
              "name": "Ubicación de la Posición",
              "content": "¿Dónde estaba ubicada esta posición?",
              "input_type": "text",
              "option": "texto",
              "valid": true,
              "requires_response": true,
              "active": true,
              "decision": {
                "next_si": 44,
                "next_no": null
              },
              "etapa": 1,
              "flow": 1
            }
          },
          {
            "pk": 44,
            "model": "app.pregunta",
            "fields": {
              "name": "Interés en Trabajar en un Sector Específico",
              "content": "¿Tienes interés en trabajar en algún sector particular?",
              "input_type": "text",
              "option": "texto",
              "valid": true,
              "requires_response": true,
              "active": true,
              "decision": {
                "next_si": 45,
                "next_no": null
              },
              "etapa": 1,
              "flow": 1
            }
          },
          {
            "pk": 45,
            "model": "app.pregunta",
            "fields": {
              "name": "¿Te gustaría agregar algún otro trabajo o posición?",
              "content": "¿Te gustaría agregar algún otro trabajo o posición en tu experiencia laboral?",
              "input_type": "select",
              "option": "Sí / No",
              "valid": true,
              "requires_response": true,
              "active": true,
              "decision": {
                "next_si": 46,
                "next_no": 50
              },
              "etapa": 1,
              "flow": 1
            }
          },
          {
            "pk": 46,
            "model": "app.pregunta",
            "fields": {
              "name": "Nombre de la Posición",
              "content": "¿Cuál era el nombre de la posición que ocupabas?",
              "input_type": "text",
              "option": "texto",
              "valid": true,
              "requires_response": true,
              "active": true,
              "decision": {
                "next_si": 47,
                "next_no": null
              },
              "etapa": 1,
              "flow": 1
            }
          },
          {
            "pk": 47,
            "model": "app.pregunta",
            "fields": {
              "name": "Industria de la Empresa",
              "content": "¿En qué industria estaba la empresa donde trabajabas?",
              "input_type": "text",
              "option": "texto",
              "valid": true,
              "requires_response": true,
              "active": true,
              "decision": {
                "next_si": 48,
                "next_no": null
              },
              "etapa": 1,
              "flow": 1
            }
          },
          {
            "pk": 48,
            "model": "app.pregunta",
            "fields": {
              "name": "Duración en la Posición",
              "content": "¿Cuánto tiempo estuviste en esta posición?",
              "input_type": "text",
              "option": "texto",
              "valid": true,
              "requires_response": true,
              "active": true,
              "decision": {
                "next_si": 49,
                "next_no": null
              },
              "etapa": 1,
              "flow": 1
            }
          },
          {
            "pk": 49,
            "model": "app.pregunta",
            "fields": {
              "name": "Ubicación de la Posición",
              "content": "¿Dónde estaba ubicada esta posición?",
              "input_type": "text",
              "option": "texto",
              "valid": true,
              "requires_response": true,
              "active": true,
              "decision": {
                "next_si": 50,
                "next_no": null
              },
              "etapa": 1,
              "flow": 1
            }
          },
          {
            "pk": 50,
            "model": "app.pregunta",
            "fields": {
              "name": "Registro Número de Contacto",
              "content": "Por favor, proporciona el número de contacto donde podemos ubicarte para cualquier oferta laboral.",
              "input_type": "phone",
              "option": "texto",
              "valid": true,
              "requires_response": true,
              "active": true,
              "decision": {
                "next_si": 51,
                "next_no": null
              },
              "etapa": 1,
              "flow": 1
            }
          },
          {
            "pk": 51,
            "model": "app.pregunta",
            "fields": {
              "name": "¿Tienes un correo electrónico?",
              "content": "¿Tienes un correo electrónico?",
              "input_type": "select",
              "option": "Sí / No",
              "valid": true,
              "requires_response": true,
              "active": true,
              "decision": {
                "next_si": 52,
                "next_no": null
              },
              "etapa": 1,
              "flow": 1
            }
          },
          {
            "pk": 52,
            "model": "app.pregunta",
            "fields": {
              "name": "Correo Electrónico",
              "content": "Por favor, ingresa tu correo electrónico.",
              "input_type": "email",
              "option": "texto",
              "valid": true,
              "requires_response": true,
              "active": true,
              "decision": {
                "next_si": 53,
                "next_no": null
              },
              "etapa": 1,
              "flow": 1
            }
          },
          {
            "pk": 53,
            "model": "app.pregunta",
            "fields": {
              "name": "¿Podemos contactarte para ofertas?",
              "content": "¿Podemos contactarte en este número para ofertas y seguimiento?",
              "input_type": "select",
              "option": "Sí / No",
              "valid": true,
              "requires_response": true,
              "active": true,
              "decision": {
                "next_si": 54,
                "next_no": null
              },
              "etapa": 1,
              "flow": 1
            }
          },
          {
            "pk": 54,
            "model": "app.pregunta",
            "fields": {
              "name": "Otro Número de Contacto",
              "content": "Si no es el mismo, ¿a qué número podemos contactarte?",
              "input_type": "phone",
              "option": "texto",
              "valid": true,
              "requires_response": true,
              "active": true,
              "decision": {
                "next_si": 55,
                "next_no": null
              },
              "etapa": 1,
              "flow": 1
            }
          },
          {
            "pk": 55,
            "model": "app.pregunta",
            "fields": {
              "name": "Acceder a tu Ubicación",
              "content": "¿Puedo acceder a tu ubicación por medio de la información de este chat?",
              "input_type": "select",
              "option": "Sí / No",
              "valid": true,
              "requires_response": true,
              "active": true,
              "decision": {
                "next_si": 56,
                "next_no": null
              },
              "etapa": 1,
              "flow": 1
            }
          },
          {
            "pk": 56,
            "model": "app.pregunta",
            "fields": {
              "name": "Ubicación Registrada",
              "content": "Tu ubicación ha sido registrada.",
              "input_type": "text",
              "option": "texto",
              "valid": true,
              "requires_response": false,
              "active": true,
              "decision": {
                "next_si": 57,
                "next_no": null
              },
              "etapa": 1,
              "flow": 1
            }
          },
          {
            "pk": 57,
            "model": "app.pregunta",
            "fields": {
              "name": "Gracias por completar el proceso",
              "content": "¡Gracias por completar el proceso! Recibirás un correo con toda la información de acceso.",
              "input_type": "text",
              "option": "texto",
              "valid": true,
              "requires_response": false,
              "active": true,
              "decision": {
                "next_si": 58,
                "next_no": null
              },
              "etapa": 1,
              "flow": 1
            }
          },
          {
            "pk": 58,
            "model": "app.pregunta",
            "fields": {
              "name": "Cargar CV",
              "content": "Si gustas, puedes cargar tu CV. En caso de tenerlo, adjunta tu archivo.",
              "input_type": "file",
              "option": "adjuntar",
              "valid": true,
              "requires_response": true,
              "active": true,
              "decision": {
                "next_si": 59,
                "next_no": null
              },
              "etapa": 1,
              "flow": 1
            }
          },
          {
            "pk": 59,
            "model": "app.pregunta",
            "fields": {
              "name": "Buenísimo, ya tenemos toda la información",
              "content": "Buenísimo, ya tenemos toda la información que necesitamos para brindarte alternativas.",
              "input_type": "text",
              "option": "texto",
              "valid": true,
              "requires_response": false,
              "active": true,
              "decision": {
                "next_si": 60,
                "next_no": null
              },
              "etapa": 1,
              "flow": 1
            }
          },
          {
            "pk": 60,
            "model": "app.pregunta",
            "fields": {
              "name": "Vacantes ajustadas a tu perfil",
              "content": "Estas son las posiciones que mejor se ajustan a tu experiencia y perfil.",
              "input_type": "text",
              "option": "texto",
              "valid": true,
              "requires_response": false,
              "active": true,
              "decision": {
                "next_si": 61,
                "next_no": null
              },
              "etapa": 1,
              "flow": 1
            }
          },
          {
            "pk": 61,
            "model": "app.pregunta",
            "fields": {
              "name": "Mostrar oportunidades",
              "content": "A continuación, te mostramos las vacantes que mejor se ajustan a tu perfil.",
              "input_type": "vacante",
              "option": "mostrar_vacantes_amigro",
              "valid": true,
              "requires_response": false,
              "active": true,
              "decision": {
                "next_si": 62,
                "next_no": null
              },
              "etapa": 1,
              "flow": 1
            }
          },
          {
            "pk": 62,
            "model": "app.pregunta",
            "fields": {
              "name": "Aplicar a una vacante",
              "content": "¿Te gustaría aplicar a alguna de estas vacantes?",
              "input_type": "select",
              "option": "Sí / No",
              "valid": true,
              "requires_response": true,
              "active": true,
              "decision": {
                "next_si": 63,
                "next_no": 65
              },
              "etapa": 1,
              "flow": 1
            }
          },
          {
            "pk": 63,
            "model": "app.pregunta",
            "fields": {
              "name": "Aplicación recibida",
              "content": "Tu aplicación ha sido recibida. Ahora selecciona un slot de entrevista para continuar.",
              "input_type": "info",
              "option": "texto",
              "valid": true,
              "requires_response": false,
              "active": true,
              "decision": {
                "next_si": 64,
                "next_no": null
              },
              "etapa": 1,
              "flow": 1
            }
          },
          {
            "pk": 64,
            "model": "app.pregunta",
            "fields": {
              "name": "Seleccionar slot de entrevista",
              "content": "Selecciona uno de los siguientes horarios disponibles para tu entrevista:",
              "input_type": "slot_entrevista",
              "option": "seleccionar_slot",
              "valid": true,
              "requires_response": true,
              "active": true,
              "decision": {
                "next_si": 66,
                "next_no": 82
              },
              "etapa": 1,
              "flow": 1
            }
          },
          {
            "pk": 65,
            "model": "app.pregunta",
            "fields": {
              "name": "Finalizar proceso",
              "content": "Gracias por utilizar nuestro servicio. Si más adelante te gustaría aplicar a otras vacantes, estamos aquí para ayudarte.",
              "input_type": "info",
              "option": "texto",
              "valid": true,
              "requires_response": false,
              "active": true,
              "decision": {
                "next_si": null,
                "next_no": null
              },
              "etapa": 1,
              "flow": 1
            }
          },
          {
            "pk": 66,
            "model": "app.pregunta",
            "fields": {
              "name": "Confirmación de entrevista",
              "content": "¡Entrevista confirmada! Hemos agendado tu entrevista en el horario seleccionado. Recibirás más detalles por correo.",
              "input_type": "info",
              "option": "texto",
              "valid": true,
              "requires_response": false,
              "active": true,
              "decision": {
                "next_si": 67,
                "next_no": null
              },
              "etapa": 1,
              "flow": 1
            }
          },
          {
            "pk": 67,
            "model": "app.pregunta",
            "fields": {
              "name": "Recapitulación final",
              "content": "Aquí tienes un resumen de tu proceso: Vacantes aplicadas, entrevista agendada. Si quieres cambiar algún dato, indícalo.",
              "input_type": "recap",
              "option": "resumen_final",
              "valid": true,
              "requires_response": false,
              "active": true,
              "decision": {
                "next_si": 68,
                "next_no": null
              },
              "etapa": 1,
              "flow": 1
            }
          },
          {
            "pk": 68,
            "model": "app.pregunta",
            "fields": {
              "name": "¿Modificar algún dato?",
              "content": "¿Te gustaría modificar algún dato antes de finalizar el proceso?",
              "input_type": "select",
              "option": "Sí / No",
              "valid": true,
              "requires_response": true,
              "active": true,
              "decision": {
                "next_si": 69,
                "next_no": 70
              },
              "etapa": 1,
              "flow": 1
            }
          },
          {
            "pk": 69,
            "model": "app.pregunta",
            "fields": {
              "name": "Modificar datos",
              "content": "Por favor, indícanos qué datos te gustaría modificar:",
              "input_type": "text",
              "option": "texto",
              "valid": true,
              "requires_response": true,
              "active": true,
              "decision": {
                "next_si": 67,
                "next_no": null
              },
              "etapa": 1,
              "flow": 1
            }
          },
          {
            "pk": 70,
            "model": "app.pregunta",
            "fields": {
              "name": "Proceso finalizado",
              "content": "¡Proceso finalizado! Gracias por confiar en Amigro. Recibirás más detalles por correo.",
              "input_type": "info",
              "option": "texto",
              "valid": true,
              "requires_response": false,
              "active": true,
              "decision": {
                "next_si": null,
                "next_no": null
              },
              "etapa": 1,
              "flow": 1
            }
          },
          {
            "pk": 71,
            "model": "app.pregunta",
            "fields": {
              "name": "Recapitulación de la información",
              "content": "Vamos a hacer un resumen de la información que nos has brindado.",
              "input_type": "recap",
              "option": "resumen",
              "valid": true,
              "requires_response": false,
              "active": true,
              "decision": {
                "next_si": 72,
                "next_no": null
              },
              "etapa": 1,
              "flow": 1
            }
          },
          {
            "pk": 72,
            "model": "app.pregunta",
            "fields": {
              "name": "¿Te gustaría actualizar algún dato?",
              "content": "¿Te gustaría modificar o actualizar algún dato?",
              "input_type": "select",
              "option": "Sí / No",
              "valid": true,
              "requires_response": true,
              "active": true,
              "decision": {
                "next_si": 73,
                "next_no": 75
              },
              "etapa": 1,
              "flow": 1
            }
          },
          {
            "pk": 73,
            "model": "app.pregunta",
            "fields": {
              "name": "¿Qué campo te gustaría actualizar?",
              "content": "Selecciona el campo que te gustaría modificar: \n1. Nombre \n2. Apellido Paterno \n3. Apellido Materno \n4. Nacionalidad \n5. Fecha de Nacimiento \n6. Sexo \n7. Número de Contacto \n8. Correo Electrónico \n9. Ubicación...",
              "input_type": "select",
              "option": "nombre,apellido_paterno,apellido_materno,nacionalidad,fecha_nacimiento,sexo,phone,email,ubication...",
              "valid": true,
              "requires_response": true,
              "active": true,
              "decision": {
                "next_si": 74,
                "next_no": null
              },
              "etapa": 1,
              "flow": 1
            }
          },
          {
            "pk": 74,
            "model": "app.pregunta",
            "fields": {
              "name": "Actualizar campo seleccionado",
              "content": "Por favor, ingresa el nuevo valor para el campo seleccionado:",
              "input_type": "text",
              "option": "texto",
              "valid": true,
              "requires_response": true,
              "active": true,
              "decision": {
                "next_si": 72,
                "next_no": null
              },
              "etapa": 1,
              "flow": 1
            }
          },
          {
            "pk": 75,
            "model": "app.pregunta",
            "fields": {
              "name": "Confirmación de actualización",
              "content": "Los datos han sido actualizados exitosamente. ¿Te gustaría revisar algún otro campo?",
              "input_type": "select",
              "option": "Sí / No",
              "valid": true,
              "requires_response": true,
              "active": true,
              "decision": {
                "next_si": 72,
                "next_no": 76
              },
              "etapa": 1,
              "flow": 1
            }
          },
          {
            "pk": 76,
            "model": "app.pregunta",
            "fields": {
              "name": "Proceso de actualización finalizado",
              "content": "¡Gracias por actualizar tu información! El proceso ha finalizado.",
              "input_type": "info",
              "option": "texto",
              "valid": true,
              "requires_response": false,
              "active": true,
              "decision": {
                "next_si": null,
                "next_no": null
              },
              "etapa": 1,
              "flow": 1
            }
          },
          {
            "pk": 77,
            "model": "app.pregunta",
            "fields": {
              "name": "¿Te gustaría invitar a algún conocido o familiar?",
              "content": "¿Te gustaría invitar a algún amigo, conocido o familiar para que también pueda beneficiarse de nuestros servicios?",
              "input_type": "select",
              "option": "Sí / No",
              "valid": true,
              "requires_response": true,
              "active": true,
              "decision": {
                "next_si": 78,
                "next_no": 81
              },
              "etapa": 1,
              "flow": 1
            }
          },
          {
            "pk": 78,
            "model": "app.pregunta",
            "fields": {
              "name": "Nombre del Conocido",
              "content": "Por favor, ingresa el nombre del conocido que deseas invitar.",
              "input_type": "text",
              "option": "texto",
              "valid": true,
              "requires_response": true,
              "active": true,
              "decision": {
                "next_si": 79,
                "next_no": null
              }
            }
          },
          {
            "pk": 79,
            "model": "app.pregunta",
            "fields": {
              "name": "Apellido del Conocido",
              "content": "Por favor, ingresa el apellido paterno del conocido.",
              "input_type": "text",
              "option": "texto",
              "valid": true,
              "requires_response": true,
              "active": true,
              "decision": {
                "next_si": 80,
                "next_no": null
              },
              "etapa": 1,
              "flow": 1
            }
          },
          {
            "pk": 80,
            "model": "app.pregunta",
            "fields": {
              "name": "Número de Contacto del Conocido",
              "content": "Por último, ingresa el número de contacto del conocido.",
              "input_type": "phone",
              "option": "texto",
              "valid": true,
              "requires_response": true,
              "active": true,
              "decision": {
                "next_si": 81,
                "next_no": null
              },
              "etapa": 1,
              "flow": 1
            }
          },
          {
            "pk": 81,
            "model": "app.pregunta",
            "fields": {
              "name": "Invitación enviada",
              "content": "¡Invitación enviada! Gracias por referirnos a tus conocidos.",
              "input_type": "info",
              "option": "texto",
              "valid": true,
              "requires_response": false,
              "active": true,
              "decision": {
                "next_si": null,
                "next_no": null
              },
              "etapa": 1,
              "flow": 1
            }
          },
          {
            "pk": 82,
            "model": "app.pregunta",
            "fields": {
              "name": "Sin slots de entrevista disponibles",
              "content": "Tu aplicación ha sido enviada correctamente. En cuanto tengamos noticias del cliente, te contactaremos por este mismo medio. ¡Gracias por tu paciencia!",
              "input_type": "info",
              "option": "texto",
              "valid": true,
              "requires_response": false,
              "active": true,
              "decision": {
                "next_si": 67,
                "next_no": null
              },
              "etapa": 1,
              "flow": 1
            }
          }
        ],
        "preguntas": [
          1,
          4,
          7,
          8,
          9,
          10,
          11,
          12,
          13,
          14,
          15,
          16,
          17,
          18,
          19,
          20,
          21,
          22,
          23,
          24,
          25,
          26,
          27,
          28,
          29,
          30,
          31,
          32,
          33,
          34,
          35,
          36,
          37,
          38,
          39,
          40,
          41,
          42,
          43,
          44,
          45,
          46,
          47,
          48,
          49,
          50,
          51,
          52,
          53,
          54,
          55,
          56,
          57,
          58,
          59,
          60,
          61,
          62,
          63,
          64,
          65,
          66,
          67,
          68,
          69,
          70,
          71,
          72,
          73,
          74,
          75,
          76,
          77,
          78,
          79,
          80,
          81,
          82
        ]
      }
    },
    {
      "model": "app.pregunta",
      "pk": 1,
      "fields": {
        "flow": 1,
        "etapa": 1,
        "name": "Bienvenida",
        "content": "¡Bienvenido a Amigro.org! Somos una plataforma que ayuda a migrantes en la búsqueda de empleo y asistencia.",
        "option": "texto",
        "valid": true,
        "active": true,
        "requires_response": false,
        "multi_select": false,
        "next_si": 2,
        "next_no": null,
        "input_type": null,
        "action_type": "none",
        "field_person": null,
        "decision": {
          "next_si": 2,
          "next_no": null
        },
        "buttons": [],
        "condiciones": []
      }
    },
    {
      "model": "app.pregunta",
      "pk": 2,
      "fields": {
        "flow": 1,
        "etapa": 1,
        "name": "Envio Logo Amigro",
        "content": "Aquí te mostramos nuestro logo:",
        "option": "URL Imagen",
        "valid": true,
        "active": true,
        "requires_response": false,
        "multi_select": false,
        "next_si": 3,
        "next_no": null,
        "input_type": null,
        "action_type": "enviar_logo",
        "field_person": null,
        "decision": {},
        "buttons": [],
        "condiciones": []
      }
    },
    {
      "model": "app.pregunta",
      "pk": 3,
      "fields": {
        "flow": 1,
        "etapa": 1,
        "name": "Envio URL TOS",
        "content": "Aquí puedes consultar nuestros Términos y Condiciones: https://amigro.org/tos/",
        "option": "https://amigro.org/tos",
        "valid": true,
        "active": true,
        "requires_response": false,
        "multi_select": false,
        "next_si": 4,
        "next_no": null,
        "input_type": null,
        "action_type": "enviar_url",
        "field_person": null,
        "decision": {},
        "buttons": [],
        "condiciones": []
      }
    },
    {
      "model": "app.pregunta",
      "pk": 4,
      "fields": {
        "flow": 1,
        "etapa": 1,
        "name": "Aceptación de TOS",
        "content": "¿Aceptas nuestros Términos y Condiciones?",
        "option": "Si / No",
        "valid": true,
        "active": true,
        "requires_response": true,
        "multi_select": false,
        "next_si": 5,
        "next_no": 6,
        "input_type": null,
        "action_type": "decision_si_no",
        "field_person": null,
        "decision": {
          "next_si": 5,
          "next_no": 6
        },
        "buttons": [],
        "condiciones": []
      }
    },
    {
      "model": "app.pregunta",
      "pk": 5,
      "fields": {
        "flow": 1,
        "etapa": 1,
        "name": "Términos Aceptados",
        "content": "Gracias por aceptar los Términos y Condiciones. ¡Continuemos con tu registro!",
        "option": "texto",
        "valid": true,
        "active": true,
        "requires_response": false,
        "multi_select": false,
        "next_si": 6,
        "next_no": null,
        "input_type": "info",
        "action_type": "none",
        "field_person": null,
        "decision": {},
        "buttons": [],
        "condiciones": []
      }
    },
    {
      "model": "app.pregunta",
      "pk": 6,
      "fields": {
        "flow": 1,
        "etapa": 1,
        "name": "Términos Rechazados",
        "content": "Lamentamos que no aceptes nuestros Términos. No podemos continuar sin tu aceptación.\r\n\r\nSI esto fue un error, dinos que si los aceptas y continuamos.\r\nEn caso de que sea tu respuesta final, indícanos con un NO",
        "option": "SI / NO",
        "valid": true,
        "active": true,
        "requires_response": true,
        "multi_select": false,
        "next_si": 4,
        "next_no": null,
        "input_type": null,
        "action_type": "decision_si_no",
        "field_person": null,
        "decision": {},
        "buttons": [],
        "condiciones": []
      }
    },
    {
      "model": "app.pregunta",
      "pk": 7,
      "fields": {
        "flow": 1,
        "etapa": 2,
        "name": "Registro - Nombre",
        "content": "Por favor, ingresa tu nombre:",
        "option": "texto",
        "valid": true,
        "active": true,
        "requires_response": true,
        "multi_select": false,
        "next_si": 8,
        "next_no": null,
        "input_type": "name",
        "action_type": "none",
        "field_person": null,
        "decision": {
          "next_si": 8,
          "next_no": null
        },
        "buttons": [],
        "condiciones": []
      }
    },
    {
      "model": "app.pregunta",
      "pk": 8,
      "fields": {
        "flow": 1,
        "etapa": 1,
        "name": "Registro - Apellido Paterno",
        "content": "Por favor, ingresa tu apellido paterno:",
        "option": "texto",
        "valid": true,
        "active": true,
        "requires_response": true,
        "multi_select": false,
        "next_si": 9,
        "next_no": null,
        "input_type": "apellido_paterno",
        "action_type": "none",
        "field_person": null,
        "decision": {
          "next_si": 9,
          "next_no": null
        },
        "buttons": [],
        "condiciones": []
      }
    },
    {
      "model": "app.pregunta",
      "pk": 9,
      "fields": {
        "flow": 1,
        "etapa": 1,
        "name": "Registro - Apellido Materno",
        "content": "Por favor, ingresa tu apellido materno:",
        "option": "texto",
        "valid": true,
        "active": true,
        "requires_response": true,
        "multi_select": false,
        "next_si": null,
        "next_no": null,
        "input_type": "text",
        "action_type": "none",
        "field_person": null,
        "decision": {
          "next_si": 10,
          "next_no": null
        },
        "buttons": [],
        "condiciones": []
      }
    },
    {
      "model": "app.pregunta",
      "pk": 10,
      "fields": {
        "flow": 1,
        "etapa": 1,
        "name": "Registro - Fecha de Nacimiento",
        "content": "Por favor, ingresa tu fecha de nacimiento (DD/MM/AAAA):",
        "option": "texto",
        "valid": true,
        "active": true,
        "requires_response": true,
        "multi_select": false,
        "next_si": null,
        "next_no": null,
        "input_type": "date",
        "action_type": "none",
        "field_person": null,
        "decision": {
          "next_si": 11,
          "next_no": null
        },
        "buttons": [],
        "condiciones": []
      }
    },
    {
      "model": "app.pregunta",
      "pk": 11,
      "fields": {
        "flow": 1,
        "etapa": 1,
        "name": "Registro - Nacionalidad",
        "content": "¿Cuál es tu nacionalidad?",
        "option": "texto",
        "valid": true,
        "active": true,
        "requires_response": true,
        "multi_select": false,
        "next_si": null,
        "next_no": null,
        "input_type": "text",
        "action_type": "none",
        "field_person": null,
        "decision": {
          "next_si": 12,
          "next_no": null
        },
        "buttons": [],
        "condiciones": []
      }
    },
    {
      "model": "app.pregunta",
      "pk": 12,
      "fields": {
        "flow": 1,
        "etapa": 1,
        "name": "Registro - Sexo",
        "content": "¿Cuál es tu sexo? (Hombre/Mujer):",
        "option": "Hombre / Mujer",
        "valid": true,
        "active": true,
        "requires_response": true,
        "multi_select": false,
        "next_si": null,
        "next_no": null,
        "input_type": "select",
        "action_type": "none",
        "field_person": null,
        "decision": {
          "next_si": 13,
          "next_no": null
        },
        "buttons": [],
        "condiciones": []
      }
    },
    {
      "model": "app.pregunta",
      "pk": 13,
      "fields": {
        "flow": 1,
        "etapa": 1,
        "name": "Viajas con Familia",
        "content": "¿Viajas con tu familia?",
        "option": "Sí / No",
        "valid": true,
        "active": true,
        "requires_response": true,
        "multi_select": false,
        "next_si": null,
        "next_no": null,
        "input_type": "select",
        "action_type": "none",
        "field_person": null,
        "decision": {
          "next_si": 14,
          "next_no": 15
        },
        "buttons": [],
        "condiciones": []
      }
    },
    {
      "model": "app.pregunta",
      "pk": 14,
      "fields": {
        "flow": 1,
        "etapa": 1,
        "name": "Viajas con Hijos Menores",
        "content": "¿Viajas con hijos menores de edad?",
        "option": "Sí / No",
        "valid": true,
        "active": true,
        "requires_response": true,
        "multi_select": false,
        "next_si": null,
        "next_no": null,
        "input_type": "select",
        "action_type": "none",
        "field_person": null,
        "decision": {
          "next_si": 16,
          "next_no": 15
        },
        "buttons": [],
        "condiciones": []
      }
    },
    {
      "model": "app.pregunta",
      "pk": 15,
      "fields": {
        "flow": 1,
        "etapa": 1,
        "name": "Viajas con conocidos o en grupo",
        "content": "¿Viajas con conocidos o en grupo?",
        "option": "Si / No",
        "valid": true,
        "active": true,
        "requires_response": true,
        "multi_select": false,
        "next_si": null,
        "next_no": null,
        "input_type": "select",
        "action_type": "none",
        "field_person": null,
        "decision": {
          "next_si": 16,
          "next_no": 20
        },
        "buttons": [],
        "condiciones": []
      }
    },
    {
      "model": "app.pregunta",
      "pk": 16,
      "fields": {
        "flow": 1,
        "etapa": 5,
        "name": "Nombre del Conocido",
        "content": "Por favor, ingresa el nombre del conocido que quieres invitar.",
        "option": "texto",
        "valid": true,
        "active": true,
        "requires_response": true,
        "multi_select": false,
        "next_si": 17,
        "next_no": null,
        "input_type": "text",
        "action_type": "none",
        "field_person": null,
        "decision": {
          "next_si": 17,
          "next_no": null
        },
        "buttons": [],
        "condiciones": []
      }
    },
    {
      "model": "app.pregunta",
      "pk": 17,
      "fields": {
        "flow": 1,
        "etapa": 1,
        "name": "Apellido del Conocido",
        "content": "Por favor, ingresa el apellido paterno del conocido que quieres invitar.",
        "option": "texto",
        "valid": true,
        "active": true,
        "requires_response": true,
        "multi_select": false,
        "next_si": null,
        "next_no": null,
        "input_type": "text",
        "action_type": "none",
        "field_person": null,
        "decision": {
          "next_si": 18,
          "next_no": null
        },
        "buttons": [],
        "condiciones": []
      }
    },
    {
      "model": "app.pregunta",
      "pk": 18,
      "fields": {
        "flow": 1,
        "etapa": 1,
        "name": "Número de Contacto del Conocido",
        "content": "Por favor, ingresa el número de contacto del conocido.",
        "option": "texto",
        "valid": true,
        "active": true,
        "requires_response": true,
        "multi_select": false,
        "next_si": null,
        "next_no": null,
        "input_type": "phone",
        "action_type": "none",
        "field_person": null,
        "decision": {
          "next_si": 19,
          "next_no": null
        },
        "buttons": [],
        "condiciones": []
      }
    },
    {
      "model": "app.pregunta",
      "pk": 19,
      "fields": {
        "flow": 1,
        "etapa": 1,
        "name": "Más Conocidos",
        "content": "¿Quieres invitar a alguien más?",
        "option": "Si / No",
        "valid": true,
        "active": true,
        "requires_response": true,
        "multi_select": false,
        "next_si": null,
        "next_no": null,
        "input_type": "select",
        "action_type": "none",
        "field_person": null,
        "decision": {
          "next_si": 16,
          "next_no": 20
        },
        "buttons": [],
        "condiciones": []
      }
    },
    {
      "model": "app.pregunta",
      "pk": 20,
      "fields": {
        "flow": 1,
        "etapa": 1,
        "name": "Solicitaste Refugio / Asilo",
        "content": "¿Solicitaste Refugio o Asilo?",
        "option": "Si / No",
        "valid": true,
        "active": true,
        "requires_response": true,
        "multi_select": false,
        "next_si": null,
        "next_no": null,
        "input_type": "select",
        "action_type": "none",
        "field_person": null,
        "decision": {
          "next_si": 21,
          "next_no": 25
        },
        "buttons": [],
        "condiciones": []
      }
    },
    {
      "model": "app.pregunta",
      "pk": 21,
      "fields": {
        "flow": 1,
        "etapa": 1,
        "name": "Cuentas con permiso humanitario",
        "content": "¿Cuentas con un permiso por razones humanitarias?",
        "option": "Si / No",
        "valid": true,
        "active": true,
        "requires_response": true,
        "multi_select": false,
        "next_si": null,
        "next_no": null,
        "input_type": "select",
        "action_type": "none",
        "field_person": null,
        "decision": {
          "next_si": 24,
          "next_no": 22
        },
        "buttons": [],
        "condiciones": []
      }
    },
    {
      "model": "app.pregunta",
      "pk": 22,
      "fields": {
        "flow": 1,
        "etapa": 1,
        "name": "Tienes una cita para refugio",
        "content": "¿Tienes una cita para tramitar el refugio?",
        "option": "Si / No",
        "valid": true,
        "active": true,
        "requires_response": true,
        "multi_select": false,
        "next_si": null,
        "next_no": null,
        "input_type": "select",
        "action_type": "none",
        "field_person": null,
        "decision": {
          "next_si": 23,
          "next_no": 25
        },
        "buttons": [],
        "condiciones": []
      }
    },
    {
      "model": "app.pregunta",
      "pk": 23,
      "fields": {
        "flow": 1,
        "etapa": 1,
        "name": "Fecha de la cita",
        "content": "¿Cuándo es tu cita?",
        "option": "texto",
        "valid": true,
        "active": true,
        "requires_response": true,
        "multi_select": false,
        "next_si": null,
        "next_no": null,
        "input_type": "date",
        "action_type": "none",
        "field_person": null,
        "decision": {
          "next_si": 25,
          "next_no": null
        },
        "buttons": [],
        "condiciones": []
      }
    },
    {
      "model": "app.pregunta",
      "pk": 24,
      "fields": {
        "flow": 1,
        "etapa": 1,
        "name": "Solicitar Refugio en México",
        "content": "¿Planeas solicitar refugio en México?",
        "option": "Si / No",
        "valid": true,
        "active": true,
        "requires_response": true,
        "multi_select": false,
        "next_si": null,
        "next_no": null,
        "input_type": "select",
        "action_type": "none",
        "field_person": null,
        "decision": {
          "next_si": null,
          "next_no": 25
        },
        "buttons": [],
        "condiciones": []
      }
    },
    {
      "model": "app.pregunta",
      "pk": 25,
      "fields": {
        "flow": 1,
        "etapa": 1,
        "name": "Buscas trabajo en México",
        "content": "¿Buscas trabajo en México?",
        "option": "Si / No",
        "valid": true,
        "active": true,
        "requires_response": true,
        "multi_select": false,
        "next_si": null,
        "next_no": null,
        "input_type": "select",
        "action_type": "none",
        "field_person": null,
        "decision": {
          "next_si": 26,
          "next_no": null
        },
        "buttons": [],
        "condiciones": []
      }
    },
    {
      "model": "app.pregunta",
      "pk": 26,
      "fields": {
        "flow": 1,
        "etapa": 1,
        "name": "Excelente",
        "content": "¡Excelente! Vamos a continuar con el registro.",
        "option": "texto",
        "valid": true,
        "active": true,
        "requires_response": false,
        "multi_select": false,
        "next_si": null,
        "next_no": null,
        "input_type": "info",
        "action_type": "none",
        "field_person": null,
        "decision": {
          "next_si": 27,
          "next_no": null
        },
        "buttons": [],
        "condiciones": []
      }
    },
    {
      "model": "app.pregunta",
      "pk": 27,
      "fields": {
        "flow": 1,
        "etapa": 1,
        "name": "Documentación adicional",
        "content": "Faltan un par de cosas: ¿Cuentas con alguna documentación adicional como pasaporte o permiso de trabajo?",
        "option": "texto",
        "valid": true,
        "active": true,
        "requires_response": false,
        "multi_select": false,
        "next_si": null,
        "next_no": null,
        "input_type": "info",
        "action_type": "none",
        "field_person": null,
        "decision": {
          "next_si": 28,
          "next_no": null
        },
        "buttons": [],
        "condiciones": []
      }
    },
    {
      "model": "app.pregunta",
      "pk": 28,
      "fields": {
        "flow": 1,
        "etapa": 1,
        "name": "Documento del País de Origen",
        "content": "¿Cuentas con documentos de tu país de origen, como pasaporte o registro de población?",
        "option": "Sí / No",
        "valid": true,
        "active": true,
        "requires_response": true,
        "multi_select": false,
        "next_si": null,
        "next_no": null,
        "input_type": "select",
        "action_type": "none",
        "field_person": null,
        "decision": {
          "next_si": 29,
          "next_no": 32
        },
        "buttons": [],
        "condiciones": []
      }
    },
    {
      "model": "app.pregunta",
      "pk": 29,
      "fields": {
        "flow": 1,
        "etapa": 1,
        "name": "¿Qué Documento?",
        "content": "¿Qué documento es?",
        "option": "texto",
        "valid": true,
        "active": true,
        "requires_response": true,
        "multi_select": false,
        "next_si": null,
        "next_no": null,
        "input_type": "text",
        "action_type": "none",
        "field_person": null,
        "decision": {
          "next_si": 30,
          "next_no": null
        },
        "buttons": [],
        "condiciones": []
      }
    },
    {
      "model": "app.pregunta",
      "pk": 30,
      "fields": {
        "flow": 1,
        "etapa": 1,
        "name": "Número del Documento",
        "content": "¿Me puedes proporcionar el número de tu documento, por favor?",
        "option": "texto",
        "valid": true,
        "active": true,
        "requires_response": true,
        "multi_select": false,
        "next_si": null,
        "next_no": null,
        "input_type": "text",
        "action_type": "none",
        "field_person": null,
        "decision": {
          "next_si": 31,
          "next_no": null
        },
        "buttons": [],
        "condiciones": []
      }
    },
    {
      "model": "app.pregunta",
      "pk": 31,
      "fields": {
        "flow": 1,
        "etapa": 1,
        "name": "Tienes algún otro documento?",
        "content": "¿Tienes algún otro documento de tu país de origen?",
        "option": "Sí / No",
        "valid": true,
        "active": true,
        "requires_response": true,
        "multi_select": false,
        "next_si": null,
        "next_no": null,
        "input_type": "select",
        "action_type": "none",
        "field_person": null,
        "decision": {
          "next_si": 32,
          "next_no": 34
        },
        "buttons": [],
        "condiciones": []
      }
    },
    {
      "model": "app.pregunta",
      "pk": 32,
      "fields": {
        "flow": 1,
        "etapa": 1,
        "name": "Cuentas con permiso para laborar?",
        "content": "¿Cuentas con un permiso para trabajar en México?",
        "option": "Sí / No",
        "valid": true,
        "active": true,
        "requires_response": true,
        "multi_select": false,
        "next_si": null,
        "next_no": null,
        "input_type": "select",
        "action_type": "none",
        "field_person": null,
        "decision": {
          "next_si": 33,
          "next_no": 34
        },
        "buttons": [],
        "condiciones": []
      }
    },
    {
      "model": "app.pregunta",
      "pk": 33,
      "fields": {
        "flow": 1,
        "etapa": 1,
        "name": "Buenisimo que tienes ya permiso para laborar.",
        "content": "¡Buenísimo que ya tienes permiso para trabajar! Vamos a continuar.",
        "option": "texto",
        "valid": true,
        "active": true,
        "requires_response": false,
        "multi_select": false,
        "next_si": null,
        "next_no": null,
        "input_type": "text",
        "action_type": "none",
        "field_person": null,
        "decision": {
          "next_si": 34,
          "next_no": null
        },
        "buttons": [],
        "condiciones": []
      }
    },
    {
      "model": "app.pregunta",
      "pk": 34,
      "fields": {
        "flow": 1,
        "etapa": 1,
        "name": "¿Cuándo tramitaste tu permiso?",
        "content": "¿Cuándo tramitaste tu permiso de trabajo?",
        "option": "texto",
        "valid": true,
        "active": true,
        "requires_response": true,
        "multi_select": false,
        "next_si": null,
        "next_no": null,
        "input_type": "date",
        "action_type": "none",
        "field_person": null,
        "decision": {
          "next_si": 35,
          "next_no": null
        },
        "buttons": [],
        "condiciones": []
      }
    },
    {
      "model": "app.pregunta",
      "pk": 35,
      "fields": {
        "flow": 1,
        "etapa": 1,
        "name": "Vigencia del Permiso",
        "content": "¿Cuál es la vigencia de tu permiso?",
        "option": "texto",
        "valid": true,
        "active": true,
        "requires_response": true,
        "multi_select": false,
        "next_si": null,
        "next_no": null,
        "input_type": "date",
        "action_type": "none",
        "field_person": null,
        "decision": {
          "next_si": 36,
          "next_no": null
        },
        "buttons": [],
        "condiciones": []
      }
    },
    {
      "model": "app.pregunta",
      "pk": 36,
      "fields": {
        "flow": 1,
        "etapa": 1,
        "name": "Cuentas con CURP?",
        "content": "¿Cuentas con un CURP emitido en México?",
        "option": "Sí / No",
        "valid": true,
        "active": true,
        "requires_response": true,
        "multi_select": false,
        "next_si": null,
        "next_no": null,
        "input_type": "select",
        "action_type": "none",
        "field_person": null,
        "decision": {
          "next_si": 37,
          "next_no": 38
        },
        "buttons": [],
        "condiciones": []
      }
    },
    {
      "model": "app.pregunta",
      "pk": 37,
      "fields": {
        "flow": 1,
        "etapa": 1,
        "name": "Captura CURP",
        "content": "Por favor, ingresa tu CURP. Esto es necesario para procesos de alta laboral.",
        "option": "texto",
        "valid": true,
        "active": true,
        "requires_response": true,
        "multi_select": false,
        "next_si": null,
        "next_no": null,
        "input_type": "text",
        "action_type": "none",
        "field_person": null,
        "decision": {
          "next_si": 38,
          "next_no": null
        },
        "buttons": [],
        "condiciones": []
      }
    },
    {
      "model": "app.pregunta",
      "pk": 38,
      "fields": {
        "flow": 1,
        "etapa": 1,
        "name": "Documento emitido por autoridad mexicana",
        "content": "¿Cuentas con algún otro documento emitido por una autoridad mexicana?",
        "option": "Sí / No",
        "valid": true,
        "active": true,
        "requires_response": true,
        "multi_select": false,
        "next_si": null,
        "next_no": null,
        "input_type": "select",
        "action_type": "none",
        "field_person": null,
        "decision": {
          "next_si": 39,
          "next_no": 40
        },
        "buttons": [],
        "condiciones": []
      }
    },
    {
      "model": "app.pregunta",
      "pk": 39,
      "fields": {
        "flow": 1,
        "etapa": 1,
        "name": "¿Qué documento es?",
        "content": "¿Qué documento es?",
        "option": "texto",
        "valid": true,
        "active": true,
        "requires_response": true,
        "multi_select": false,
        "next_si": null,
        "next_no": null,
        "input_type": "text",
        "action_type": "none",
        "field_person": null,
        "decision": {
          "next_si": 40,
          "next_no": null
        },
        "buttons": [],
        "condiciones": []
      }
    },
    {
      "model": "app.pregunta",
      "pk": 40,
      "fields": {
        "flow": 1,
        "etapa": 1,
        "name": "Ubicación Actual",
        "content": "Ya casi terminamos. Por favor, comparte tu ubicación actual o escríbela manualmente.",
        "option": "texto",
        "valid": true,
        "active": true,
        "requires_response": true,
        "multi_select": false,
        "next_si": null,
        "next_no": null,
        "input_type": "location",
        "action_type": "none",
        "field_person": null,
        "decision": {
          "next_si": 41,
          "next_no": null
        },
        "buttons": [],
        "condiciones": []
      }
    },
    {
      "model": "app.pregunta",
      "pk": 41,
      "fields": {
        "flow": 1,
        "etapa": 1,
        "name": "Trabajo Actual o Última Posición",
        "content": "¿En qué trabajas actualmente o cuál fue tu última posición?",
        "option": "texto",
        "valid": true,
        "active": true,
        "requires_response": true,
        "multi_select": false,
        "next_si": null,
        "next_no": null,
        "input_type": "text",
        "action_type": "none",
        "field_person": null,
        "decision": {
          "next_si": 42,
          "next_no": null
        },
        "buttons": [],
        "condiciones": []
      }
    },
    {
      "model": "app.pregunta",
      "pk": 42,
      "fields": {
        "flow": 1,
        "etapa": 1,
        "name": "Sector de la Empresa",
        "content": "¿En qué sector o industria estaba la empresa?",
        "option": "texto",
        "valid": true,
        "active": true,
        "requires_response": true,
        "multi_select": false,
        "next_si": null,
        "next_no": null,
        "input_type": "text",
        "action_type": "none",
        "field_person": null,
        "decision": {
          "next_si": 43,
          "next_no": null
        },
        "buttons": [],
        "condiciones": []
      }
    },
    {
      "model": "app.pregunta",
      "pk": 43,
      "fields": {
        "flow": 1,
        "etapa": 1,
        "name": "Ubicación de la Posición",
        "content": "¿Dónde estaba ubicada esta posición?",
        "option": "texto",
        "valid": true,
        "active": true,
        "requires_response": true,
        "multi_select": false,
        "next_si": null,
        "next_no": null,
        "input_type": "text",
        "action_type": "none",
        "field_person": null,
        "decision": {
          "next_si": 44,
          "next_no": null
        },
        "buttons": [],
        "condiciones": []
      }
    },
    {
      "model": "app.pregunta",
      "pk": 44,
      "fields": {
        "flow": 1,
        "etapa": 1,
        "name": "Interés en Trabajar en un Sector Específico",
        "content": "¿Tienes interés en trabajar en algún sector particular?",
        "option": "texto",
        "valid": true,
        "active": true,
        "requires_response": true,
        "multi_select": false,
        "next_si": null,
        "next_no": null,
        "input_type": "text",
        "action_type": "none",
        "field_person": null,
        "decision": {
          "next_si": 45,
          "next_no": null
        },
        "buttons": [],
        "condiciones": []
      }
    },
    {
      "model": "app.pregunta",
      "pk": 45,
      "fields": {
        "flow": 1,
        "etapa": 1,
        "name": "¿Te gustaría agregar algún otro trabajo o posición?",
        "content": "¿Te gustaría agregar algún otro trabajo o posición en tu experiencia laboral?",
        "option": "Sí / No",
        "valid": true,
        "active": true,
        "requires_response": true,
        "multi_select": false,
        "next_si": null,
        "next_no": null,
        "input_type": "select",
        "action_type": "none",
        "field_person": null,
        "decision": {
          "next_si": 46,
          "next_no": 50
        },
        "buttons": [],
        "condiciones": []
      }
    },
    {
      "model": "app.pregunta",
      "pk": 46,
      "fields": {
        "flow": 1,
        "etapa": 1,
        "name": "Nombre de la Posición",
        "content": "¿Cuál era el nombre de la posición que ocupabas?",
        "option": "texto",
        "valid": true,
        "active": true,
        "requires_response": true,
        "multi_select": false,
        "next_si": null,
        "next_no": null,
        "input_type": "text",
        "action_type": "none",
        "field_person": null,
        "decision": {
          "next_si": 47,
          "next_no": null
        },
        "buttons": [],
        "condiciones": []
      }
    },
    {
      "model": "app.pregunta",
      "pk": 47,
      "fields": {
        "flow": 1,
        "etapa": 1,
        "name": "Industria de la Empresa",
        "content": "¿En qué industria estaba la empresa donde trabajabas?",
        "option": "texto",
        "valid": true,
        "active": true,
        "requires_response": true,
        "multi_select": false,
        "next_si": null,
        "next_no": null,
        "input_type": "text",
        "action_type": "none",
        "field_person": null,
        "decision": {
          "next_si": 48,
          "next_no": null
        },
        "buttons": [],
        "condiciones": []
      }
    },
    {
      "model": "app.pregunta",
      "pk": 48,
      "fields": {
        "flow": 1,
        "etapa": 1,
        "name": "Duración en la Posición",
        "content": "¿Cuánto tiempo estuviste en esta posición?",
        "option": "texto",
        "valid": true,
        "active": true,
        "requires_response": true,
        "multi_select": false,
        "next_si": null,
        "next_no": null,
        "input_type": "text",
        "action_type": "none",
        "field_person": null,
        "decision": {
          "next_si": 49,
          "next_no": null
        },
        "buttons": [],
        "condiciones": []
      }
    },
    {
      "model": "app.pregunta",
      "pk": 49,
      "fields": {
        "flow": 1,
        "etapa": 1,
        "name": "Ubicación de la Posición",
        "content": "¿Dónde estaba ubicada esta posición?",
        "option": "texto",
        "valid": true,
        "active": true,
        "requires_response": true,
        "multi_select": false,
        "next_si": null,
        "next_no": null,
        "input_type": "text",
        "action_type": "none",
        "field_person": null,
        "decision": {
          "next_si": 50,
          "next_no": null
        },
        "buttons": [],
        "condiciones": []
      }
    },
    {
      "model": "app.pregunta",
      "pk": 50,
      "fields": {
        "flow": 1,
        "etapa": 1,
        "name": "Registro Número de Contacto",
        "content": "Por favor, proporciona el número de contacto donde podemos ubicarte para cualquier oferta laboral.",
        "option": "texto",
        "valid": true,
        "active": true,
        "requires_response": true,
        "multi_select": false,
        "next_si": null,
        "next_no": null,
        "input_type": "phone",
        "action_type": "none",
        "field_person": null,
        "decision": {
          "next_si": 51,
          "next_no": null
        },
        "buttons": [],
        "condiciones": []
      }
    },
    {
      "model": "app.pregunta",
      "pk": 51,
      "fields": {
        "flow": 1,
        "etapa": 1,
        "name": "¿Tienes un correo electrónico?",
        "content": "¿Tienes un correo electrónico?",
        "option": "Sí / No",
        "valid": true,
        "active": true,
        "requires_response": true,
        "multi_select": false,
        "next_si": null,
        "next_no": null,
        "input_type": "select",
        "action_type": "none",
        "field_person": null,
        "decision": {
          "next_si": 52,
          "next_no": null
        },
        "buttons": [],
        "condiciones": []
      }
    },
    {
      "model": "app.pregunta",
      "pk": 52,
      "fields": {
        "flow": 1,
        "etapa": 1,
        "name": "Correo Electrónico",
        "content": "Por favor, ingresa tu correo electrónico.",
        "option": "texto",
        "valid": true,
        "active": true,
        "requires_response": true,
        "multi_select": false,
        "next_si": null,
        "next_no": null,
        "input_type": "email",
        "action_type": "none",
        "field_person": null,
        "decision": {
          "next_si": 53,
          "next_no": null
        },
        "buttons": [],
        "condiciones": []
      }
    },
    {
      "model": "app.pregunta",
      "pk": 53,
      "fields": {
        "flow": 1,
        "etapa": 1,
        "name": "¿Podemos contactarte para ofertas?",
        "content": "¿Podemos contactarte en este número para ofertas y seguimiento?",
        "option": "Sí / No",
        "valid": true,
        "active": true,
        "requires_response": true,
        "multi_select": false,
        "next_si": null,
        "next_no": null,
        "input_type": "select",
        "action_type": "none",
        "field_person": null,
        "decision": {
          "next_si": 54,
          "next_no": null
        },
        "buttons": [],
        "condiciones": []
      }
    },
    {
      "model": "app.pregunta",
      "pk": 54,
      "fields": {
        "flow": 1,
        "etapa": 1,
        "name": "Otro Número de Contacto",
        "content": "Si no es el mismo, ¿a qué número podemos contactarte?",
        "option": "texto",
        "valid": true,
        "active": true,
        "requires_response": true,
        "multi_select": false,
        "next_si": null,
        "next_no": null,
        "input_type": "phone",
        "action_type": "none",
        "field_person": null,
        "decision": {
          "next_si": 55,
          "next_no": null
        },
        "buttons": [],
        "condiciones": []
      }
    },
    {
      "model": "app.pregunta",
      "pk": 55,
      "fields": {
        "flow": 1,
        "etapa": 1,
        "name": "Acceder a tu Ubicación",
        "content": "¿Puedo acceder a tu ubicación por medio de la información de este chat?",
        "option": "Sí / No",
        "valid": true,
        "active": true,
        "requires_response": true,
        "multi_select": false,
        "next_si": null,
        "next_no": null,
        "input_type": "select",
        "action_type": "none",
        "field_person": null,
        "decision": {
          "next_si": 56,
          "next_no": null
        },
        "buttons": [],
        "condiciones": []
      }
    },
    {
      "model": "app.pregunta",
      "pk": 56,
      "fields": {
        "flow": 1,
        "etapa": 1,
        "name": "Ubicación Registrada",
        "content": "Tu ubicación ha sido registrada.",
        "option": "texto",
        "valid": true,
        "active": true,
        "requires_response": false,
        "multi_select": false,
        "next_si": null,
        "next_no": null,
        "input_type": "text",
        "action_type": "none",
        "field_person": null,
        "decision": {
          "next_si": 57,
          "next_no": null
        },
        "buttons": [],
        "condiciones": []
      }
    },
    {
      "model": "app.pregunta",
      "pk": 57,
      "fields": {
        "flow": 1,
        "etapa": 1,
        "name": "Gracias por completar el proceso",
        "content": "¡Gracias por completar el proceso! Recibirás un correo con toda la información de acceso.",
        "option": "texto",
        "valid": true,
        "active": true,
        "requires_response": false,
        "multi_select": false,
        "next_si": null,
        "next_no": null,
        "input_type": "text",
        "action_type": "none",
        "field_person": null,
        "decision": {
          "next_si": 58,
          "next_no": null
        },
        "buttons": [],
        "condiciones": []
      }
    },
    {
      "model": "app.pregunta",
      "pk": 58,
      "fields": {
        "flow": 1,
        "etapa": 1,
        "name": "Cargar CV",
        "content": "Si gustas, puedes cargar tu CV. En caso de tenerlo, adjunta tu archivo.",
        "option": "adjuntar",
        "valid": true,
        "active": true,
        "requires_response": true,
        "multi_select": false,
        "next_si": null,
        "next_no": null,
        "input_type": "file",
        "action_type": "none",
        "field_person": null,
        "decision": {
          "next_si": 59,
          "next_no": null
        },
        "buttons": [],
        "condiciones": []
      }
    },
    {
      "model": "app.pregunta",
      "pk": 59,
      "fields": {
        "flow": 1,
        "etapa": 1,
        "name": "Buenísimo, ya tenemos toda la información",
        "content": "Buenísimo, ya tenemos toda la información que necesitamos para brindarte alternativas.",
        "option": "texto",
        "valid": true,
        "active": true,
        "requires_response": false,
        "multi_select": false,
        "next_si": null,
        "next_no": null,
        "input_type": "text",
        "action_type": "none",
        "field_person": null,
        "decision": {
          "next_si": 60,
          "next_no": null
        },
        "buttons": [],
        "condiciones": []
      }
    },
    {
      "model": "app.pregunta",
      "pk": 60,
      "fields": {
        "flow": 1,
        "etapa": 1,
        "name": "Vacantes ajustadas a tu perfil",
        "content": "Estas son las posiciones que mejor se ajustan a tu experiencia y perfil.",
        "option": "texto",
        "valid": true,
        "active": true,
        "requires_response": false,
        "multi_select": false,
        "next_si": null,
        "next_no": null,
        "input_type": "text",
        "action_type": "none",
        "field_person": null,
        "decision": {
          "next_si": 61,
          "next_no": null
        },
        "buttons": [],
        "condiciones": []
      }
    },
    {
      "model": "app.pregunta",
      "pk": 61,
      "fields": {
        "flow": 1,
        "etapa": 1,
        "name": "Mostrar oportunidades",
        "content": "A continuación, te mostramos las vacantes que mejor se ajustan a tu perfil.",
        "option": "mostrar_vacantes_amigro",
        "valid": true,
        "active": true,
        "requires_response": false,
        "multi_select": false,
        "next_si": null,
        "next_no": null,
        "input_type": "vacante",
        "action_type": "none",
        "field_person": null,
        "decision": {
          "next_si": 62,
          "next_no": null
        },
        "buttons": [],
        "condiciones": []
      }
    },
    {
      "model": "app.pregunta",
      "pk": 62,
      "fields": {
        "flow": 1,
        "etapa": 1,
        "name": "Aplicar a una vacante",
        "content": "¿Te gustaría aplicar a alguna de estas vacantes?",
        "option": "Sí / No",
        "valid": true,
        "active": true,
        "requires_response": true,
        "multi_select": false,
        "next_si": null,
        "next_no": null,
        "input_type": "select",
        "action_type": "none",
        "field_person": null,
        "decision": {
          "next_si": 63,
          "next_no": 65
        },
        "buttons": [],
        "condiciones": []
      }
    },
    {
      "model": "app.pregunta",
      "pk": 63,
      "fields": {
        "flow": 1,
        "etapa": 1,
        "name": "Aplicación recibida",
        "content": "Tu aplicación ha sido recibida. Ahora selecciona un slot de entrevista para continuar.",
        "option": "texto",
        "valid": true,
        "active": true,
        "requires_response": false,
        "multi_select": false,
        "next_si": null,
        "next_no": null,
        "input_type": "info",
        "action_type": "none",
        "field_person": null,
        "decision": {
          "next_si": 64,
          "next_no": null
        },
        "buttons": [],
        "condiciones": []
      }
    },
    {
      "model": "app.pregunta",
      "pk": 64,
      "fields": {
        "flow": 1,
        "etapa": 1,
        "name": "Seleccionar slot de entrevista",
        "content": "Selecciona uno de los siguientes horarios disponibles para tu entrevista:",
        "option": "seleccionar_slot",
        "valid": true,
        "active": true,
        "requires_response": true,
        "multi_select": false,
        "next_si": null,
        "next_no": null,
        "input_type": "slot_entrevista",
        "action_type": "none",
        "field_person": null,
        "decision": {
          "next_si": 66,
          "next_no": 82
        },
        "buttons": [],
        "condiciones": []
      }
    },
    {
      "model": "app.pregunta",
      "pk": 65,
      "fields": {
        "flow": 1,
        "etapa": 1,
        "name": "Finalizar proceso",
        "content": "Gracias por utilizar nuestro servicio. Si más adelante te gustaría aplicar a otras vacantes, estamos aquí para ayudarte.",
        "option": "texto",
        "valid": true,
        "active": true,
        "requires_response": false,
        "multi_select": false,
        "next_si": null,
        "next_no": null,
        "input_type": "info",
        "action_type": "none",
        "field_person": null,
        "decision": {
          "next_si": null,
          "next_no": null
        },
        "buttons": [],
        "condiciones": []
      }
    },
    {
      "model": "app.pregunta",
      "pk": 66,
      "fields": {
        "flow": 1,
        "etapa": 1,
        "name": "Confirmación de entrevista",
        "content": "¡Entrevista confirmada! Hemos agendado tu entrevista en el horario seleccionado. Recibirás más detalles por correo.",
        "option": "texto",
        "valid": true,
        "active": true,
        "requires_response": false,
        "multi_select": false,
        "next_si": null,
        "next_no": null,
        "input_type": "info",
        "action_type": "none",
        "field_person": null,
        "decision": {
          "next_si": 67,
          "next_no": null
        },
        "buttons": [],
        "condiciones": []
      }
    },
    {
      "model": "app.pregunta",
      "pk": 67,
      "fields": {
        "flow": 1,
        "etapa": 1,
        "name": "Recapitulación final",
        "content": "Aquí tienes un resumen de tu proceso: Vacantes aplicadas, entrevista agendada. Si quieres cambiar algún dato, indícalo.",
        "option": "resumen_final",
        "valid": true,
        "active": true,
        "requires_response": false,
        "multi_select": false,
        "next_si": null,
        "next_no": null,
        "input_type": "recap",
        "action_type": "none",
        "field_person": null,
        "decision": {
          "next_si": 68,
          "next_no": null
        },
        "buttons": [],
        "condiciones": []
      }
    },
    {
      "model": "app.pregunta",
      "pk": 68,
      "fields": {
        "flow": 1,
        "etapa": 1,
        "name": "¿Modificar algún dato?",
        "content": "¿Te gustaría modificar algún dato antes de finalizar el proceso?",
        "option": "Sí / No",
        "valid": true,
        "active": true,
        "requires_response": true,
        "multi_select": false,
        "next_si": null,
        "next_no": null,
        "input_type": "select",
        "action_type": "none",
        "field_person": null,
        "decision": {
          "next_si": 69,
          "next_no": 70
        },
        "buttons": [],
        "condiciones": []
      }
    },
    {
      "model": "app.pregunta",
      "pk": 69,
      "fields": {
        "flow": 1,
        "etapa": 1,
        "name": "Modificar datos",
        "content": "Por favor, indícanos qué datos te gustaría modificar:",
        "option": "texto",
        "valid": true,
        "active": true,
        "requires_response": true,
        "multi_select": false,
        "next_si": null,
        "next_no": null,
        "input_type": "text",
        "action_type": "none",
        "field_person": null,
        "decision": {
          "next_si": 67,
          "next_no": null
        },
        "buttons": [],
        "condiciones": []
      }
    },
    {
      "model": "app.pregunta",
      "pk": 70,
      "fields": {
        "flow": 1,
        "etapa": 1,
        "name": "Proceso finalizado",
        "content": "¡Proceso finalizado! Gracias por confiar en Amigro. Recibirás más detalles por correo.",
        "option": "texto",
        "valid": true,
        "active": true,
        "requires_response": false,
        "multi_select": false,
        "next_si": null,
        "next_no": null,
        "input_type": "info",
        "action_type": "none",
        "field_person": null,
        "decision": {
          "next_si": null,
          "next_no": null
        },
        "buttons": [],
        "condiciones": []
      }
    },
    {
      "model": "app.pregunta",
      "pk": 71,
      "fields": {
        "flow": 1,
        "etapa": 1,
        "name": "Recapitulación de la información",
        "content": "Vamos a hacer un resumen de la información que nos has brindado.",
        "option": "resumen",
        "valid": true,
        "active": true,
        "requires_response": false,
        "multi_select": false,
        "next_si": null,
        "next_no": null,
        "input_type": "recap",
        "action_type": "none",
        "field_person": null,
        "decision": {
          "next_si": 72,
          "next_no": null
        },
        "buttons": [],
        "condiciones": []
      }
    },
    {
      "model": "app.pregunta",
      "pk": 72,
      "fields": {
        "flow": 1,
        "etapa": 1,
        "name": "¿Te gustaría actualizar algún dato?",
        "content": "¿Te gustaría modificar o actualizar algún dato?",
        "option": "Sí / No",
        "valid": true,
        "active": true,
        "requires_response": true,
        "multi_select": false,
        "next_si": null,
        "next_no": null,
        "input_type": "select",
        "action_type": "none",
        "field_person": null,
        "decision": {
          "next_si": 73,
          "next_no": 75
        },
        "buttons": [],
        "condiciones": []
      }
    },
    {
      "model": "app.pregunta",
      "pk": 73,
      "fields": {
        "flow": 1,
        "etapa": 1,
        "name": "¿Qué campo te gustaría actualizar?",
        "content": "Selecciona el campo que te gustaría modificar: \n1. Nombre \n2. Apellido Paterno \n3. Apellido Materno \n4. Nacionalidad \n5. Fecha de Nacimiento \n6. Sexo \n7. Número de Contacto \n8. Correo Electrónico \n9. Ubicación...",
        "option": "nombre,apellido_paterno,apellido_materno,nacionalidad,fecha_nacimiento,sexo,phone,email,ubication...",
        "valid": true,
        "active": true,
        "requires_response": true,
        "multi_select": false,
        "next_si": null,
        "next_no": null,
        "input_type": "select",
        "action_type": "none",
        "field_person": null,
        "decision": {
          "next_si": 74,
          "next_no": null
        },
        "buttons": [],
        "condiciones": []
      }
    },
    {
      "model": "app.pregunta",
      "pk": 74,
      "fields": {
        "flow": 1,
        "etapa": 1,
        "name": "Actualizar campo seleccionado",
        "content": "Por favor, ingresa el nuevo valor para el campo seleccionado:",
        "option": "texto",
        "valid": true,
        "active": true,
        "requires_response": true,
        "multi_select": false,
        "next_si": null,
        "next_no": null,
        "input_type": "text",
        "action_type": "none",
        "field_person": null,
        "decision": {
          "next_si": 72,
          "next_no": null
        },
        "buttons": [],
        "condiciones": []
      }
    },
    {
      "model": "app.pregunta",
      "pk": 75,
      "fields": {
        "flow": 1,
        "etapa": 1,
        "name": "Confirmación de actualización",
        "content": "Los datos han sido actualizados exitosamente. ¿Te gustaría revisar algún otro campo?",
        "option": "Sí / No",
        "valid": true,
        "active": true,
        "requires_response": true,
        "multi_select": false,
        "next_si": null,
        "next_no": null,
        "input_type": "select",
        "action_type": "none",
        "field_person": null,
        "decision": {
          "next_si": 72,
          "next_no": 76
        },
        "buttons": [],
        "condiciones": []
      }
    },
    {
      "model": "app.pregunta",
      "pk": 76,
      "fields": {
        "flow": 1,
        "etapa": 1,
        "name": "Proceso de actualización finalizado",
        "content": "¡Gracias por actualizar tu información! El proceso ha finalizado.",
        "option": "texto",
        "valid": true,
        "active": true,
        "requires_response": false,
        "multi_select": false,
        "next_si": null,
        "next_no": null,
        "input_type": "info",
        "action_type": "none",
        "field_person": null,
        "decision": {
          "next_si": null,
          "next_no": null
        },
        "buttons": [],
        "condiciones": []
      }
    },
    {
      "model": "app.pregunta",
      "pk": 77,
      "fields": {
        "flow": 1,
        "etapa": 1,
        "name": "¿Te gustaría invitar a algún conocido o familiar?",
        "content": "¿Te gustaría invitar a algún amigo, conocido o familiar para que también pueda beneficiarse de nuestros servicios?",
        "option": "Sí / No",
        "valid": true,
        "active": true,
        "requires_response": true,
        "multi_select": false,
        "next_si": null,
        "next_no": null,
        "input_type": "select",
        "action_type": "none",
        "field_person": null,
        "decision": {
          "next_si": 78,
          "next_no": 81
        },
        "buttons": [],
        "condiciones": []
      }
    },
    {
      "model": "app.pregunta",
      "pk": 78,
      "fields": {
        "flow": 1,
        "etapa": 1,
        "name": "Nombre del Conocido",
        "content": "Por favor, ingresa el nombre del conocido que deseas invitar.",
        "option": "texto",
        "valid": true,
        "active": true,
        "requires_response": true,
        "multi_select": false,
        "next_si": null,
        "next_no": null,
        "input_type": "text",
        "action_type": "none",
        "field_person": null,
        "decision": {
          "next_si": 79,
          "next_no": null
        },
        "buttons": [],
        "condiciones": []
      }
    },
    {
      "model": "app.pregunta",
      "pk": 79,
      "fields": {
        "flow": 1,
        "etapa": 1,
        "name": "Apellido del Conocido",
        "content": "Por favor, ingresa el apellido paterno del conocido.",
        "option": "texto",
        "valid": true,
        "active": true,
        "requires_response": true,
        "multi_select": false,
        "next_si": null,
        "next_no": null,
        "input_type": "text",
        "action_type": "none",
        "field_person": null,
        "decision": {
          "next_si": 80,
          "next_no": null
        },
        "buttons": [],
        "condiciones": []
      }
    },
    {
      "model": "app.pregunta",
      "pk": 80,
      "fields": {
        "flow": 1,
        "etapa": 1,
        "name": "Número de Contacto del Conocido",
        "content": "Por último, ingresa el número de contacto del conocido.",
        "option": "texto",
        "valid": true,
        "active": true,
        "requires_response": true,
        "multi_select": false,
        "next_si": null,
        "next_no": null,
        "input_type": "phone",
        "action_type": "none",
        "field_person": null,
        "decision": {
          "next_si": 81,
          "next_no": null
        },
        "buttons": [],
        "condiciones": []
      }
    },
    {
      "model": "app.pregunta",
      "pk": 81,
      "fields": {
        "flow": 1,
        "etapa": 1,
        "name": "Invitación enviada",
        "content": "¡Invitación enviada! Gracias por referirnos a tus conocidos.\r\n\r\nTe brindamos nuestro Menu,  Principal \r\n\r\n1 - Bienvenida\r\n2 - Registro\r\n3 - Ver Oportunidades\r\n4 - Actualizar Perfil\r\n5 - Invitar Amigos\r\n6 - Términos y Condiciones\r\n7 - Contacto\r\n8 - Solicitar Ayuda",
        "option": "texto",
        "valid": true,
        "active": true,
        "requires_response": false,
        "multi_select": false,
        "next_si": null,
        "next_no": null,
        "input_type": null,
        "action_type": "none",
        "field_person": null,
        "decision": {
          "next_si": null,
          "next_no": null
        },
        "buttons": [],
        "condiciones": []
      }
    },
    {
      "model": "app.pregunta",
      "pk": 82,
      "fields": {
        "flow": 1,
        "etapa": 1,
        "name": "Sin slots de entrevista disponibles",
        "content": "Tu aplicación ha sido enviada correctamente. En cuanto tengamos noticias del cliente, te contactaremos por este mismo medio. ¡Gracias por tu paciencia!",
        "option": "texto",
        "valid": true,
        "active": true,
        "requires_response": false,
        "multi_select": false,
        "next_si": null,
        "next_no": null,
        "input_type": "info",
        "action_type": "none",
        "field_person": null,
        "decision": {
          "next_si": 67,
          "next_no": null
        },
        "buttons": [],
        "condiciones": []
      }
    },
    {
      "model": "app.metaapi",
      "pk": 1,
      "fields": {
        "business_unit": 4,
        "app_id": "662158495636216",
        "app_secret": "7732534605ab6a7b96c8e8e81ce02e6b",
        "verify_token": "amigro_secret_token"
      }
    },
    {
      "model": "app.whatsappapi",
      "pk": 1,
      "fields": {
        "business_unit": 4,
        "name": "Amigro Whatsapp API",
        "phoneID": "114521714899382",
        "api_token": "EAAJaOsnq2vgBOxatkizgaMhE6dk4jEtbWchTiuHK7XXDbsZAlekvZCldWTajCXABVAGQW9XUbZAdy6IZBoUqZBctEHm6H5mSfP9nAbQ5dZAPbf9P1WkHh4keLT400yhvvbZAEq34e9dlkIp2RwsPqK9ghG6H244SZAFK4V5Oo7FiDl9DdM5j5EhXCY5biTrn7cmzYwZDZD",
        "WABID": "104851739211207",
        "v_api": "v21.0",
        "meta_api": 1,
        "associated_flow": 1,
        "is_active": true
      }
    },
    {
      "model": "app.messengerapi",
      "pk": 1,
      "fields": {
        "business_unit": 4,
        "page_access_token": "109623338672452",
        "meta_api": 1,
        "associated_flow": 1,
        "is_active": true
      }
    },
    {
      "model": "app.telegramapi",
      "pk": 1,
      "fields": {
        "business_unit": 4,
        "api_key": "5875713338:AAEl4RDu95KuB-oz4JqxMKLRnWr6j8bHky0",
        "bot_name": "Amigrobot",
        "associated_flow": 1,
        "is_active": true
      }
    },
    {
      "model": "app.smtpconfig",
      "pk": 1,
      "fields": {
        "host": "mail.huntred.com",
        "port": 587,
        "username": "hola@amigro.org",
        "password": "Natalia&Patricio1113!",
        "use_tls": true,
        "use_ssl": true
      }
    },
    {
      "model": "admin.logentry",
      "pk": 1,
      "fields": {
        "action_time": "2024-11-20T19:33:07.183Z",
        "user": 1,
        "content_type": 13,
        "object_id": "1",
        "object_repr": "Configuracion object (1)",
        "action_flag": 1,
        "change_message": "[{\"added\": {}}]"
      }
    },
    {
      "model": "admin.logentry",
      "pk": 2,
      "fields": {
        "action_time": "2024-11-20T19:37:04.902Z",
        "user": 1,
        "content_type": 13,
        "object_id": "1",
        "object_repr": "Configuracion object (1)",
        "action_flag": 2,
        "change_message": "[]"
      }
    },
    {
      "model": "admin.logentry",
      "pk": 3,
      "fields": {
        "action_time": "2024-11-20T19:37:15.686Z",
        "user": 1,
        "content_type": 13,
        "object_id": "1",
        "object_repr": "Configuracion object (1)",
        "action_flag": 2,
        "change_message": "[]"
      }
    },
    {
      "model": "admin.logentry",
      "pk": 4,
      "fields": {
        "action_time": "2024-11-20T19:41:03.954Z",
        "user": 1,
        "content_type": 1,
        "object_id": "1",
        "object_repr": "huntRED®",
        "action_flag": 1,
        "change_message": "[{\"added\": {}}]"
      }
    },
    {
      "model": "admin.logentry",
      "pk": 5,
      "fields": {
        "action_time": "2024-11-20T19:41:29.658Z",
        "user": 1,
        "content_type": 1,
        "object_id": "2",
        "object_repr": "huntRED® Executive",
        "action_flag": 1,
        "change_message": "[{\"added\": {}}]"
      }
    },
    {
      "model": "admin.logentry",
      "pk": 6,
      "fields": {
        "action_time": "2024-11-20T19:41:40.999Z",
        "user": 1,
        "content_type": 1,
        "object_id": "3",
        "object_repr": "huntU®",
        "action_flag": 1,
        "change_message": "[{\"added\": {}}]"
      }
    },
    {
      "model": "admin.logentry",
      "pk": 7,
      "fields": {
        "action_time": "2024-11-20T19:41:48.675Z",
        "user": 1,
        "content_type": 1,
        "object_id": "4",
        "object_repr": "Amigro®",
        "action_flag": 1,
        "change_message": "[{\"added\": {}}]"
      }
    },
    {
      "model": "admin.logentry",
      "pk": 8,
      "fields": {
        "action_time": "2024-11-20T19:41:51.171Z",
        "user": 1,
        "content_type": 14,
        "object_id": "1",
        "object_repr": "MetaAPI amigro (662158495636216)",
        "action_flag": 1,
        "change_message": "[{\"added\": {}}]"
      }
    },
    {
      "model": "admin.logentry",
      "pk": 9,
      "fields": {
        "action_time": "2024-11-20T19:42:42.616Z",
        "user": 1,
        "content_type": 14,
        "object_id": "1",
        "object_repr": "MetaAPI amigro (662158495636216)",
        "action_flag": 2,
        "change_message": "[]"
      }
    },
    {
      "model": "admin.logentry",
      "pk": 10,
      "fields": {
        "action_time": "2024-11-20T19:42:57.925Z",
        "user": 1,
        "content_type": 1,
        "object_id": "4",
        "object_repr": "Amigro®",
        "action_flag": 2,
        "change_message": "[{\"changed\": {\"fields\": [\"Whatsapp enabled\", \"Telegram enabled\", \"Messenger enabled\", \"Instagram enabled\", \"Scrapping enabled\"]}}]"
      }
    },
    {
      "model": "admin.logentry",
      "pk": 11,
      "fields": {
        "action_time": "2024-11-20T19:42:57.927Z",
        "user": 1,
        "content_type": 1,
        "object_id": "3",
        "object_repr": "huntU®",
        "action_flag": 2,
        "change_message": "[{\"changed\": {\"fields\": [\"Whatsapp enabled\", \"Telegram enabled\", \"Messenger enabled\", \"Instagram enabled\", \"Scrapping enabled\"]}}]"
      }
    },
    {
      "model": "admin.logentry",
      "pk": 12,
      "fields": {
        "action_time": "2024-11-20T20:06:49.949Z",
        "user": 1,
        "content_type": 15,
        "object_id": "1",
        "object_repr": "amigro - Messenger API - Amigro Migrante Chatbot",
        "action_flag": 1,
        "change_message": "[{\"added\": {}}]"
      }
    },
    {
      "model": "admin.logentry",
      "pk": 13,
      "fields": {
        "action_time": "2024-11-20T20:07:16.457Z",
        "user": 1,
        "content_type": 9,
        "object_id": "1",
        "object_repr": "mail.huntred.com:587",
        "action_flag": 1,
        "change_message": "[{\"added\": {}}]"
      }
    },
    {
      "model": "admin.logentry",
      "pk": 14,
      "fields": {
        "action_time": "2024-11-20T20:07:27.569Z",
        "user": 1,
        "content_type": 9,
        "object_id": "1",
        "object_repr": "mail.huntred.com:587",
        "action_flag": 2,
        "change_message": "[{\"changed\": {\"fields\": [\"Use ssl\"]}}]"
      }
    },
    {
      "model": "admin.logentry",
      "pk": 15,
      "fields": {
        "action_time": "2024-11-20T20:10:15.497Z",
        "user": 1,
        "content_type": 21,
        "object_id": "1",
        "object_repr": "amigro - Telegram Bot - Amigro Migrante Chatbot",
        "action_flag": 1,
        "change_message": "[{\"added\": {}}]"
      }
    },
    {
      "model": "admin.logentry",
      "pk": 16,
      "fields": {
        "action_time": "2024-11-20T20:13:47.942Z",
        "user": 1,
        "content_type": 22,
        "object_id": "1",
        "object_repr": "amigro - WhatsApp API 114521714899382 - Amigro Migrante Chatbot",
        "action_flag": 1,
        "change_message": "[{\"added\": {}}]"
      }
    },
    {
      "model": "admin.logentry",
      "pk": 17,
      "fields": {
        "action_time": "2024-11-20T20:27:40.098Z",
        "user": 1,
        "content_type": 13,
        "object_id": "1",
        "object_repr": "Configuracion object (1)",
        "action_flag": 2,
        "change_message": "[{\"changed\": {\"fields\": [\"Default flow model\"]}}]"
      }
    },
    {
      "model": "admin.logentry",
      "pk": 18,
      "fields": {
        "action_time": "2024-11-20T20:30:42.022Z",
        "user": 1,
        "content_type": 12,
        "object_id": "1",
        "object_repr": "Amigro Migrante Chatbot",
        "action_flag": 2,
        "change_message": "[{\"changed\": {\"fields\": [\"Preguntas\", \"Flow data json\"]}}]"
      }
    },
    {
      "model": "admin.logentry",
      "pk": 19,
      "fields": {
        "action_time": "2024-11-20T20:45:06.353Z",
        "user": 1,
        "content_type": 18,
        "object_id": "1",
        "object_repr": "1 - Amigro Migrante Chatbot - Bienvenida",
        "action_flag": 2,
        "change_message": "[{\"changed\": {\"fields\": [\"Input type\", \"Sub pregunta\"]}}]"
      }
    },
    {
      "model": "admin.logentry",
      "pk": 20,
      "fields": {
        "action_time": "2024-11-20T20:45:25.510Z",
        "user": 1,
        "content_type": 18,
        "object_id": "4",
        "object_repr": "4 - Amigro Migrante Chatbot - Aceptación de TOS",
        "action_flag": 2,
        "change_message": "[{\"changed\": {\"fields\": [\"Input type\", \"Sub pregunta\"]}}]"
      }
    },
    {
      "model": "admin.logentry",
      "pk": 21,
      "fields": {
        "action_time": "2024-11-20T20:46:43.267Z",
        "user": 1,
        "content_type": 20,
        "object_id": "2",
        "object_repr": "Envio Logo Amigro",
        "action_flag": 2,
        "change_message": "[{\"changed\": {\"fields\": [\"Input type\", \"Action type\"]}}]"
      }
    },
    {
      "model": "admin.logentry",
      "pk": 22,
      "fields": {
        "action_time": "2024-11-20T20:47:23.938Z",
        "user": 1,
        "content_type": 18,
        "object_id": "7",
        "object_repr": "7 - Amigro Migrante Chatbot - Registro - Nombre",
        "action_flag": 2,
        "change_message": "[{\"changed\": {\"fields\": [\"Input type\", \"Next si\"]}}]"
      }
    },
    {
      "model": "admin.logentry",
      "pk": 23,
      "fields": {
        "action_time": "2024-11-20T20:47:43.744Z",
        "user": 1,
        "content_type": 18,
        "object_id": "8",
        "object_repr": "8 - Amigro Migrante Chatbot - Registro - Apellido Paterno",
        "action_flag": 2,
        "change_message": "[{\"changed\": {\"fields\": [\"Input type\", \"Next si\"]}}]"
      }
    },
    {
      "model": "admin.logentry",
      "pk": 24,
      "fields": {
        "action_time": "2024-11-21T00:31:04.188Z",
        "user": 1,
        "content_type": 18,
        "object_id": "4",
        "object_repr": "4 - Amigro Migrante Chatbot - Aceptación de TOS",
        "action_flag": 2,
        "change_message": "[{\"changed\": {\"fields\": [\"Action type\", \"Next si\", \"Next no\"]}}]"
      }
    },
    {
      "model": "admin.logentry",
      "pk": 25,
      "fields": {
        "action_time": "2024-11-21T00:31:49.429Z",
        "user": 1,
        "content_type": 18,
        "object_id": "3",
        "object_repr": "3 - Amigro Migrante Chatbot - Envio URL TOS",
        "action_flag": 2,
        "change_message": "[{\"changed\": {\"fields\": [\"Option\", \"Action type\", \"Input type\"]}}]"
      }
    },
    {
      "model": "admin.logentry",
      "pk": 26,
      "fields": {
        "action_time": "2024-11-21T00:32:09.278Z",
        "user": 1,
        "content_type": 18,
        "object_id": "2",
        "object_repr": "2 - Amigro Migrante Chatbot - Envio Logo Amigro",
        "action_flag": 2,
        "change_message": "[{\"changed\": {\"fields\": [\"Action type\", \"Input type\"]}}]"
      }
    },
    {
      "model": "admin.logentry",
      "pk": 27,
      "fields": {
        "action_time": "2024-11-21T00:32:24.019Z",
        "user": 1,
        "content_type": 18,
        "object_id": "1",
        "object_repr": "1 - Amigro Migrante Chatbot - Bienvenida",
        "action_flag": 2,
        "change_message": "[{\"changed\": {\"fields\": [\"Next si\"]}}]"
      }
    },
    {
      "model": "admin.logentry",
      "pk": 28,
      "fields": {
        "action_time": "2024-11-21T00:34:19.856Z",
        "user": 1,
        "content_type": 18,
        "object_id": "6",
        "object_repr": "6 - Amigro Migrante Chatbot - Términos Rechazados",
        "action_flag": 2,
        "change_message": "[{\"changed\": {\"fields\": [\"Option\", \"Action type\", \"Input type\", \"Content\", \"Requires response\", \"Next si\"]}}]"
      }
    },
    {
      "model": "admin.logentry",
      "pk": 29,
      "fields": {
        "action_time": "2024-11-21T00:34:52.103Z",
        "user": 1,
        "content_type": 18,
        "object_id": "7",
        "object_repr": "7 - Amigro Migrante Chatbot - Registro - Nombre",
        "action_flag": 2,
        "change_message": "[{\"changed\": {\"fields\": [\"Etapa\"]}}]"
      }
    },
    {
      "model": "admin.logentry",
      "pk": 30,
      "fields": {
        "action_time": "2024-11-21T00:36:51.477Z",
        "user": 1,
        "content_type": 18,
        "object_id": "16",
        "object_repr": "16 - Amigro Migrante Chatbot - Nombre del Conocido",
        "action_flag": 2,
        "change_message": "[{\"changed\": {\"fields\": [\"Etapa\", \"Next si\"]}}]"
      }
    },
    {
      "model": "admin.logentry",
      "pk": 31,
      "fields": {
        "action_time": "2024-11-21T00:59:23.781Z",
        "user": 1,
        "content_type": 18,
        "object_id": "81",
        "object_repr": "81 - Amigro Migrante Chatbot - Invitación enviada",
        "action_flag": 2,
        "change_message": "[{\"changed\": {\"fields\": [\"Input type\", \"Content\"]}}]"
      }
    },
    {
      "model": "admin.logentry",
      "pk": 32,
      "fields": {
        "action_time": "2024-11-21T01:00:56.115Z",
        "user": 1,
        "content_type": 1,
        "object_id": "4",
        "object_repr": "Amigro®",
        "action_flag": 2,
        "change_message": "[{\"changed\": {\"fields\": [\"Whatsapp enabled\", \"Telegram enabled\", \"Messenger enabled\", \"Instagram enabled\", \"Scrapping enabled\", \"Scraping domains\"]}}]"
      }
    },
    {
      "model": "auth.permission",
      "pk": 1,
      "fields": {
        "name": "Can add business unit",
        "content_type": 1,
        "codename": "add_businessunit"
      }
    },
    {
      "model": "auth.permission",
      "pk": 2,
      "fields": {
        "name": "Can change business unit",
        "content_type": 1,
        "codename": "change_businessunit"
      }
    },
    {
      "model": "auth.permission",
      "pk": 3,
      "fields": {
        "name": "Can delete business unit",
        "content_type": 1,
        "codename": "delete_businessunit"
      }
    },
    {
      "model": "auth.permission",
      "pk": 4,
      "fields": {
        "name": "Can view business unit",
        "content_type": 1,
        "codename": "view_businessunit"
      }
    },
    {
      "model": "auth.permission",
      "pk": 5,
      "fields": {
        "name": "Can add buttons",
        "content_type": 2,
        "codename": "add_buttons"
      }
    },
    {
      "model": "auth.permission",
      "pk": 6,
      "fields": {
        "name": "Can change buttons",
        "content_type": 2,
        "codename": "change_buttons"
      }
    },
    {
      "model": "auth.permission",
      "pk": 7,
      "fields": {
        "name": "Can delete buttons",
        "content_type": 2,
        "codename": "delete_buttons"
      }
    },
    {
      "model": "auth.permission",
      "pk": 8,
      "fields": {
        "name": "Can view buttons",
        "content_type": 2,
        "codename": "view_buttons"
      }
    },
    {
      "model": "auth.permission",
      "pk": 9,
      "fields": {
        "name": "Can add chat",
        "content_type": 3,
        "codename": "add_chat"
      }
    },
    {
      "model": "auth.permission",
      "pk": 10,
      "fields": {
        "name": "Can change chat",
        "content_type": 3,
        "codename": "change_chat"
      }
    },
    {
      "model": "auth.permission",
      "pk": 11,
      "fields": {
        "name": "Can delete chat",
        "content_type": 3,
        "codename": "delete_chat"
      }
    },
    {
      "model": "auth.permission",
      "pk": 12,
      "fields": {
        "name": "Can view chat",
        "content_type": 3,
        "codename": "view_chat"
      }
    },
    {
      "model": "auth.permission",
      "pk": 13,
      "fields": {
        "name": "Can add condicion",
        "content_type": 4,
        "codename": "add_condicion"
      }
    },
    {
      "model": "auth.permission",
      "pk": 14,
      "fields": {
        "name": "Can change condicion",
        "content_type": 4,
        "codename": "change_condicion"
      }
    },
    {
      "model": "auth.permission",
      "pk": 15,
      "fields": {
        "name": "Can delete condicion",
        "content_type": 4,
        "codename": "delete_condicion"
      }
    },
    {
      "model": "auth.permission",
      "pk": 16,
      "fields": {
        "name": "Can view condicion",
        "content_type": 4,
        "codename": "view_condicion"
      }
    },
    {
      "model": "auth.permission",
      "pk": 17,
      "fields": {
        "name": "Can add etapa",
        "content_type": 5,
        "codename": "add_etapa"
      }
    },
    {
      "model": "auth.permission",
      "pk": 18,
      "fields": {
        "name": "Can change etapa",
        "content_type": 5,
        "codename": "change_etapa"
      }
    },
    {
      "model": "auth.permission",
      "pk": 19,
      "fields": {
        "name": "Can delete etapa",
        "content_type": 5,
        "codename": "delete_etapa"
      }
    },
    {
      "model": "auth.permission",
      "pk": 20,
      "fields": {
        "name": "Can view etapa",
        "content_type": 5,
        "codename": "view_etapa"
      }
    },
    {
      "model": "auth.permission",
      "pk": 21,
      "fields": {
        "name": "Can add gpt api",
        "content_type": 6,
        "codename": "add_gptapi"
      }
    },
    {
      "model": "auth.permission",
      "pk": 22,
      "fields": {
        "name": "Can change gpt api",
        "content_type": 6,
        "codename": "change_gptapi"
      }
    },
    {
      "model": "auth.permission",
      "pk": 23,
      "fields": {
        "name": "Can delete gpt api",
        "content_type": 6,
        "codename": "delete_gptapi"
      }
    },
    {
      "model": "auth.permission",
      "pk": 24,
      "fields": {
        "name": "Can view gpt api",
        "content_type": 6,
        "codename": "view_gptapi"
      }
    },
    {
      "model": "auth.permission",
      "pk": 25,
      "fields": {
        "name": "Can add milky leak",
        "content_type": 7,
        "codename": "add_milkyleak"
      }
    },
    {
      "model": "auth.permission",
      "pk": 26,
      "fields": {
        "name": "Can change milky leak",
        "content_type": 7,
        "codename": "change_milkyleak"
      }
    },
    {
      "model": "auth.permission",
      "pk": 27,
      "fields": {
        "name": "Can delete milky leak",
        "content_type": 7,
        "codename": "delete_milkyleak"
      }
    },
    {
      "model": "auth.permission",
      "pk": 28,
      "fields": {
        "name": "Can view milky leak",
        "content_type": 7,
        "codename": "view_milkyleak"
      }
    },
    {
      "model": "auth.permission",
      "pk": 29,
      "fields": {
        "name": "Can add person",
        "content_type": 8,
        "codename": "add_person"
      }
    },
    {
      "model": "auth.permission",
      "pk": 30,
      "fields": {
        "name": "Can change person",
        "content_type": 8,
        "codename": "change_person"
      }
    },
    {
      "model": "auth.permission",
      "pk": 31,
      "fields": {
        "name": "Can delete person",
        "content_type": 8,
        "codename": "delete_person"
      }
    },
    {
      "model": "auth.permission",
      "pk": 32,
      "fields": {
        "name": "Can view person",
        "content_type": 8,
        "codename": "view_person"
      }
    },
    {
      "model": "auth.permission",
      "pk": 33,
      "fields": {
        "name": "Can add smtp config",
        "content_type": 9,
        "codename": "add_smtpconfig"
      }
    },
    {
      "model": "auth.permission",
      "pk": 34,
      "fields": {
        "name": "Can change smtp config",
        "content_type": 9,
        "codename": "change_smtpconfig"
      }
    },
    {
      "model": "auth.permission",
      "pk": 35,
      "fields": {
        "name": "Can delete smtp config",
        "content_type": 9,
        "codename": "delete_smtpconfig"
      }
    },
    {
      "model": "auth.permission",
      "pk": 36,
      "fields": {
        "name": "Can view smtp config",
        "content_type": 9,
        "codename": "view_smtpconfig"
      }
    },
    {
      "model": "auth.permission",
      "pk": 37,
      "fields": {
        "name": "Can add api config",
        "content_type": 10,
        "codename": "add_apiconfig"
      }
    },
    {
      "model": "auth.permission",
      "pk": 38,
      "fields": {
        "name": "Can change api config",
        "content_type": 10,
        "codename": "change_apiconfig"
      }
    },
    {
      "model": "auth.permission",
      "pk": 39,
      "fields": {
        "name": "Can delete api config",
        "content_type": 10,
        "codename": "delete_apiconfig"
      }
    },
    {
      "model": "auth.permission",
      "pk": 40,
      "fields": {
        "name": "Can view api config",
        "content_type": 10,
        "codename": "view_apiconfig"
      }
    },
    {
      "model": "auth.permission",
      "pk": 41,
      "fields": {
        "name": "Can add configuracion bu",
        "content_type": 11,
        "codename": "add_configuracionbu"
      }
    },
    {
      "model": "auth.permission",
      "pk": 42,
      "fields": {
        "name": "Can change configuracion bu",
        "content_type": 11,
        "codename": "change_configuracionbu"
      }
    },
    {
      "model": "auth.permission",
      "pk": 43,
      "fields": {
        "name": "Can delete configuracion bu",
        "content_type": 11,
        "codename": "delete_configuracionbu"
      }
    },
    {
      "model": "auth.permission",
      "pk": 44,
      "fields": {
        "name": "Can view configuracion bu",
        "content_type": 11,
        "codename": "view_configuracionbu"
      }
    },
    {
      "model": "auth.permission",
      "pk": 45,
      "fields": {
        "name": "Can add flow model",
        "content_type": 12,
        "codename": "add_flowmodel"
      }
    },
    {
      "model": "auth.permission",
      "pk": 46,
      "fields": {
        "name": "Can change flow model",
        "content_type": 12,
        "codename": "change_flowmodel"
      }
    },
    {
      "model": "auth.permission",
      "pk": 47,
      "fields": {
        "name": "Can delete flow model",
        "content_type": 12,
        "codename": "delete_flowmodel"
      }
    },
    {
      "model": "auth.permission",
      "pk": 48,
      "fields": {
        "name": "Can view flow model",
        "content_type": 12,
        "codename": "view_flowmodel"
      }
    },
    {
      "model": "auth.permission",
      "pk": 49,
      "fields": {
        "name": "Can add configuracion",
        "content_type": 13,
        "codename": "add_configuracion"
      }
    },
    {
      "model": "auth.permission",
      "pk": 50,
      "fields": {
        "name": "Can change configuracion",
        "content_type": 13,
        "codename": "change_configuracion"
      }
    },
    {
      "model": "auth.permission",
      "pk": 51,
      "fields": {
        "name": "Can delete configuracion",
        "content_type": 13,
        "codename": "delete_configuracion"
      }
    },
    {
      "model": "auth.permission",
      "pk": 52,
      "fields": {
        "name": "Can view configuracion",
        "content_type": 13,
        "codename": "view_configuracion"
      }
    },
    {
      "model": "auth.permission",
      "pk": 53,
      "fields": {
        "name": "Can add meta api",
        "content_type": 14,
        "codename": "add_metaapi"
      }
    },
    {
      "model": "auth.permission",
      "pk": 54,
      "fields": {
        "name": "Can change meta api",
        "content_type": 14,
        "codename": "change_metaapi"
      }
    },
    {
      "model": "auth.permission",
      "pk": 55,
      "fields": {
        "name": "Can delete meta api",
        "content_type": 14,
        "codename": "delete_metaapi"
      }
    },
    {
      "model": "auth.permission",
      "pk": 56,
      "fields": {
        "name": "Can view meta api",
        "content_type": 14,
        "codename": "view_metaapi"
      }
    },
    {
      "model": "auth.permission",
      "pk": 57,
      "fields": {
        "name": "Can add messenger api",
        "content_type": 15,
        "codename": "add_messengerapi"
      }
    },
    {
      "model": "auth.permission",
      "pk": 58,
      "fields": {
        "name": "Can change messenger api",
        "content_type": 15,
        "codename": "change_messengerapi"
      }
    },
    {
      "model": "auth.permission",
      "pk": 59,
      "fields": {
        "name": "Can delete messenger api",
        "content_type": 15,
        "codename": "delete_messengerapi"
      }
    },
    {
      "model": "auth.permission",
      "pk": 60,
      "fields": {
        "name": "Can view messenger api",
        "content_type": 15,
        "codename": "view_messengerapi"
      }
    },
    {
      "model": "auth.permission",
      "pk": 61,
      "fields": {
        "name": "Can add instagram api",
        "content_type": 16,
        "codename": "add_instagramapi"
      }
    },
    {
      "model": "auth.permission",
      "pk": 62,
      "fields": {
        "name": "Can change instagram api",
        "content_type": 16,
        "codename": "change_instagramapi"
      }
    },
    {
      "model": "auth.permission",
      "pk": 63,
      "fields": {
        "name": "Can delete instagram api",
        "content_type": 16,
        "codename": "delete_instagramapi"
      }
    },
    {
      "model": "auth.permission",
      "pk": 64,
      "fields": {
        "name": "Can view instagram api",
        "content_type": 16,
        "codename": "view_instagramapi"
      }
    },
    {
      "model": "auth.permission",
      "pk": 65,
      "fields": {
        "name": "Can add invitacion",
        "content_type": 17,
        "codename": "add_invitacion"
      }
    },
    {
      "model": "auth.permission",
      "pk": 66,
      "fields": {
        "name": "Can change invitacion",
        "content_type": 17,
        "codename": "change_invitacion"
      }
    },
    {
      "model": "auth.permission",
      "pk": 67,
      "fields": {
        "name": "Can delete invitacion",
        "content_type": 17,
        "codename": "delete_invitacion"
      }
    },
    {
      "model": "auth.permission",
      "pk": 68,
      "fields": {
        "name": "Can view invitacion",
        "content_type": 17,
        "codename": "view_invitacion"
      }
    },
    {
      "model": "auth.permission",
      "pk": 69,
      "fields": {
        "name": "Can add pregunta",
        "content_type": 18,
        "codename": "add_pregunta"
      }
    },
    {
      "model": "auth.permission",
      "pk": 70,
      "fields": {
        "name": "Can change pregunta",
        "content_type": 18,
        "codename": "change_pregunta"
      }
    },
    {
      "model": "auth.permission",
      "pk": 71,
      "fields": {
        "name": "Can delete pregunta",
        "content_type": 18,
        "codename": "delete_pregunta"
      }
    },
    {
      "model": "auth.permission",
      "pk": 72,
      "fields": {
        "name": "Can view pregunta",
        "content_type": 18,
        "codename": "view_pregunta"
      }
    },
    {
      "model": "auth.permission",
      "pk": 73,
      "fields": {
        "name": "Can add chat state",
        "content_type": 19,
        "codename": "add_chatstate"
      }
    },
    {
      "model": "auth.permission",
      "pk": 74,
      "fields": {
        "name": "Can change chat state",
        "content_type": 19,
        "codename": "change_chatstate"
      }
    },
    {
      "model": "auth.permission",
      "pk": 75,
      "fields": {
        "name": "Can delete chat state",
        "content_type": 19,
        "codename": "delete_chatstate"
      }
    },
    {
      "model": "auth.permission",
      "pk": 76,
      "fields": {
        "name": "Can view chat state",
        "content_type": 19,
        "codename": "view_chatstate"
      }
    },
    {
      "model": "auth.permission",
      "pk": 77,
      "fields": {
        "name": "Can add sub pregunta",
        "content_type": 20,
        "codename": "add_subpregunta"
      }
    },
    {
      "model": "auth.permission",
      "pk": 78,
      "fields": {
        "name": "Can change sub pregunta",
        "content_type": 20,
        "codename": "change_subpregunta"
      }
    },
    {
      "model": "auth.permission",
      "pk": 79,
      "fields": {
        "name": "Can delete sub pregunta",
        "content_type": 20,
        "codename": "delete_subpregunta"
      }
    },
    {
      "model": "auth.permission",
      "pk": 80,
      "fields": {
        "name": "Can view sub pregunta",
        "content_type": 20,
        "codename": "view_subpregunta"
      }
    },
    {
      "model": "auth.permission",
      "pk": 81,
      "fields": {
        "name": "Can add telegram api",
        "content_type": 21,
        "codename": "add_telegramapi"
      }
    },
    {
      "model": "auth.permission",
      "pk": 82,
      "fields": {
        "name": "Can change telegram api",
        "content_type": 21,
        "codename": "change_telegramapi"
      }
    },
    {
      "model": "auth.permission",
      "pk": 83,
      "fields": {
        "name": "Can delete telegram api",
        "content_type": 21,
        "codename": "delete_telegramapi"
      }
    },
    {
      "model": "auth.permission",
      "pk": 84,
      "fields": {
        "name": "Can view telegram api",
        "content_type": 21,
        "codename": "view_telegramapi"
      }
    },
    {
      "model": "auth.permission",
      "pk": 85,
      "fields": {
        "name": "Can add whats app api",
        "content_type": 22,
        "codename": "add_whatsappapi"
      }
    },
    {
      "model": "auth.permission",
      "pk": 86,
      "fields": {
        "name": "Can change whats app api",
        "content_type": 22,
        "codename": "change_whatsappapi"
      }
    },
    {
      "model": "auth.permission",
      "pk": 87,
      "fields": {
        "name": "Can delete whats app api",
        "content_type": 22,
        "codename": "delete_whatsappapi"
      }
    },
    {
      "model": "auth.permission",
      "pk": 88,
      "fields": {
        "name": "Can view whats app api",
        "content_type": 22,
        "codename": "view_whatsappapi"
      }
    },
    {
      "model": "auth.permission",
      "pk": 89,
      "fields": {
        "name": "Can add worker",
        "content_type": 23,
        "codename": "add_worker"
      }
    },
    {
      "model": "auth.permission",
      "pk": 90,
      "fields": {
        "name": "Can change worker",
        "content_type": 23,
        "codename": "change_worker"
      }
    },
    {
      "model": "auth.permission",
      "pk": 91,
      "fields": {
        "name": "Can delete worker",
        "content_type": 23,
        "codename": "delete_worker"
      }
    },
    {
      "model": "auth.permission",
      "pk": 92,
      "fields": {
        "name": "Can view worker",
        "content_type": 23,
        "codename": "view_worker"
      }
    },
    {
      "model": "auth.permission",
      "pk": 93,
      "fields": {
        "name": "Can add interview",
        "content_type": 24,
        "codename": "add_interview"
      }
    },
    {
      "model": "auth.permission",
      "pk": 94,
      "fields": {
        "name": "Can change interview",
        "content_type": 24,
        "codename": "change_interview"
      }
    },
    {
      "model": "auth.permission",
      "pk": 95,
      "fields": {
        "name": "Can delete interview",
        "content_type": 24,
        "codename": "delete_interview"
      }
    },
    {
      "model": "auth.permission",
      "pk": 96,
      "fields": {
        "name": "Can view interview",
        "content_type": 24,
        "codename": "view_interview"
      }
    },
    {
      "model": "auth.permission",
      "pk": 97,
      "fields": {
        "name": "Can add bookmark",
        "content_type": 25,
        "codename": "add_bookmark"
      }
    },
    {
      "model": "auth.permission",
      "pk": 98,
      "fields": {
        "name": "Can change bookmark",
        "content_type": 25,
        "codename": "change_bookmark"
      }
    },
    {
      "model": "auth.permission",
      "pk": 99,
      "fields": {
        "name": "Can delete bookmark",
        "content_type": 25,
        "codename": "delete_bookmark"
      }
    },
    {
      "model": "auth.permission",
      "pk": 100,
      "fields": {
        "name": "Can view bookmark",
        "content_type": 25,
        "codename": "view_bookmark"
      }
    },
    {
      "model": "auth.permission",
      "pk": 101,
      "fields": {
        "name": "Can add dashboard preferences",
        "content_type": 26,
        "codename": "add_dashboardpreferences"
      }
    },
    {
      "model": "auth.permission",
      "pk": 102,
      "fields": {
        "name": "Can change dashboard preferences",
        "content_type": 26,
        "codename": "change_dashboardpreferences"
      }
    },
    {
      "model": "auth.permission",
      "pk": 103,
      "fields": {
        "name": "Can delete dashboard preferences",
        "content_type": 26,
        "codename": "delete_dashboardpreferences"
      }
    },
    {
      "model": "auth.permission",
      "pk": 104,
      "fields": {
        "name": "Can view dashboard preferences",
        "content_type": 26,
        "codename": "view_dashboardpreferences"
      }
    },
    {
      "model": "auth.permission",
      "pk": 105,
      "fields": {
        "name": "Can add log entry",
        "content_type": 27,
        "codename": "add_logentry"
      }
    },
    {
      "model": "auth.permission",
      "pk": 106,
      "fields": {
        "name": "Can change log entry",
        "content_type": 27,
        "codename": "change_logentry"
      }
    },
    {
      "model": "auth.permission",
      "pk": 107,
      "fields": {
        "name": "Can delete log entry",
        "content_type": 27,
        "codename": "delete_logentry"
      }
    },
    {
      "model": "auth.permission",
      "pk": 108,
      "fields": {
        "name": "Can view log entry",
        "content_type": 27,
        "codename": "view_logentry"
      }
    },
    {
      "model": "auth.permission",
      "pk": 109,
      "fields": {
        "name": "Can add permission",
        "content_type": 28,
        "codename": "add_permission"
      }
    },
    {
      "model": "auth.permission",
      "pk": 110,
      "fields": {
        "name": "Can change permission",
        "content_type": 28,
        "codename": "change_permission"
      }
    },
    {
      "model": "auth.permission",
      "pk": 111,
      "fields": {
        "name": "Can delete permission",
        "content_type": 28,
        "codename": "delete_permission"
      }
    },
    {
      "model": "auth.permission",
      "pk": 112,
      "fields": {
        "name": "Can view permission",
        "content_type": 28,
        "codename": "view_permission"
      }
    },
    {
      "model": "auth.permission",
      "pk": 113,
      "fields": {
        "name": "Can add group",
        "content_type": 29,
        "codename": "add_group"
      }
    },
    {
      "model": "auth.permission",
      "pk": 114,
      "fields": {
        "name": "Can change group",
        "content_type": 29,
        "codename": "change_group"
      }
    },
    {
      "model": "auth.permission",
      "pk": 115,
      "fields": {
        "name": "Can delete group",
        "content_type": 29,
        "codename": "delete_group"
      }
    },
    {
      "model": "auth.permission",
      "pk": 116,
      "fields": {
        "name": "Can view group",
        "content_type": 29,
        "codename": "view_group"
      }
    },
    {
      "model": "auth.permission",
      "pk": 117,
      "fields": {
        "name": "Can add user",
        "content_type": 30,
        "codename": "add_user"
      }
    },
    {
      "model": "auth.permission",
      "pk": 118,
      "fields": {
        "name": "Can change user",
        "content_type": 30,
        "codename": "change_user"
      }
    },
    {
      "model": "auth.permission",
      "pk": 119,
      "fields": {
        "name": "Can delete user",
        "content_type": 30,
        "codename": "delete_user"
      }
    },
    {
      "model": "auth.permission",
      "pk": 120,
      "fields": {
        "name": "Can view user",
        "content_type": 30,
        "codename": "view_user"
      }
    },
    {
      "model": "auth.permission",
      "pk": 121,
      "fields": {
        "name": "Can add content type",
        "content_type": 31,
        "codename": "add_contenttype"
      }
    },
    {
      "model": "auth.permission",
      "pk": 122,
      "fields": {
        "name": "Can change content type",
        "content_type": 31,
        "codename": "change_contenttype"
      }
    },
    {
      "model": "auth.permission",
      "pk": 123,
      "fields": {
        "name": "Can delete content type",
        "content_type": 31,
        "codename": "delete_contenttype"
      }
    },
    {
      "model": "auth.permission",
      "pk": 124,
      "fields": {
        "name": "Can view content type",
        "content_type": 31,
        "codename": "view_contenttype"
      }
    },
    {
      "model": "auth.permission",
      "pk": 125,
      "fields": {
        "name": "Can add session",
        "content_type": 32,
        "codename": "add_session"
      }
    },
    {
      "model": "auth.permission",
      "pk": 126,
      "fields": {
        "name": "Can change session",
        "content_type": 32,
        "codename": "change_session"
      }
    },
    {
      "model": "auth.permission",
      "pk": 127,
      "fields": {
        "name": "Can delete session",
        "content_type": 32,
        "codename": "delete_session"
      }
    },
    {
      "model": "auth.permission",
      "pk": 128,
      "fields": {
        "name": "Can view session",
        "content_type": 32,
        "codename": "view_session"
      }
    },
    {
      "model": "auth.permission",
      "pk": 129,
      "fields": {
        "name": "Can add crontab",
        "content_type": 33,
        "codename": "add_crontabschedule"
      }
    },
    {
      "model": "auth.permission",
      "pk": 130,
      "fields": {
        "name": "Can change crontab",
        "content_type": 33,
        "codename": "change_crontabschedule"
      }
    },
    {
      "model": "auth.permission",
      "pk": 131,
      "fields": {
        "name": "Can delete crontab",
        "content_type": 33,
        "codename": "delete_crontabschedule"
      }
    },
    {
      "model": "auth.permission",
      "pk": 132,
      "fields": {
        "name": "Can view crontab",
        "content_type": 33,
        "codename": "view_crontabschedule"
      }
    },
    {
      "model": "auth.permission",
      "pk": 133,
      "fields": {
        "name": "Can add interval",
        "content_type": 34,
        "codename": "add_intervalschedule"
      }
    },
    {
      "model": "auth.permission",
      "pk": 134,
      "fields": {
        "name": "Can change interval",
        "content_type": 34,
        "codename": "change_intervalschedule"
      }
    },
    {
      "model": "auth.permission",
      "pk": 135,
      "fields": {
        "name": "Can delete interval",
        "content_type": 34,
        "codename": "delete_intervalschedule"
      }
    },
    {
      "model": "auth.permission",
      "pk": 136,
      "fields": {
        "name": "Can view interval",
        "content_type": 34,
        "codename": "view_intervalschedule"
      }
    },
    {
      "model": "auth.permission",
      "pk": 137,
      "fields": {
        "name": "Can add periodic task",
        "content_type": 35,
        "codename": "add_periodictask"
      }
    },
    {
      "model": "auth.permission",
      "pk": 138,
      "fields": {
        "name": "Can change periodic task",
        "content_type": 35,
        "codename": "change_periodictask"
      }
    },
    {
      "model": "auth.permission",
      "pk": 139,
      "fields": {
        "name": "Can delete periodic task",
        "content_type": 35,
        "codename": "delete_periodictask"
      }
    },
    {
      "model": "auth.permission",
      "pk": 140,
      "fields": {
        "name": "Can view periodic task",
        "content_type": 35,
        "codename": "view_periodictask"
      }
    },
    {
      "model": "auth.permission",
      "pk": 141,
      "fields": {
        "name": "Can add periodic task track",
        "content_type": 36,
        "codename": "add_periodictasks"
      }
    },
    {
      "model": "auth.permission",
      "pk": 142,
      "fields": {
        "name": "Can change periodic task track",
        "content_type": 36,
        "codename": "change_periodictasks"
      }
    },
    {
      "model": "auth.permission",
      "pk": 143,
      "fields": {
        "name": "Can delete periodic task track",
        "content_type": 36,
        "codename": "delete_periodictasks"
      }
    },
    {
      "model": "auth.permission",
      "pk": 144,
      "fields": {
        "name": "Can view periodic task track",
        "content_type": 36,
        "codename": "view_periodictasks"
      }
    },
    {
      "model": "auth.permission",
      "pk": 145,
      "fields": {
        "name": "Can add solar event",
        "content_type": 37,
        "codename": "add_solarschedule"
      }
    },
    {
      "model": "auth.permission",
      "pk": 146,
      "fields": {
        "name": "Can change solar event",
        "content_type": 37,
        "codename": "change_solarschedule"
      }
    },
    {
      "model": "auth.permission",
      "pk": 147,
      "fields": {
        "name": "Can delete solar event",
        "content_type": 37,
        "codename": "delete_solarschedule"
      }
    },
    {
      "model": "auth.permission",
      "pk": 148,
      "fields": {
        "name": "Can view solar event",
        "content_type": 37,
        "codename": "view_solarschedule"
      }
    },
    {
      "model": "auth.permission",
      "pk": 149,
      "fields": {
        "name": "Can add clocked",
        "content_type": 38,
        "codename": "add_clockedschedule"
      }
    },
    {
      "model": "auth.permission",
      "pk": 150,
      "fields": {
        "name": "Can change clocked",
        "content_type": 38,
        "codename": "change_clockedschedule"
      }
    },
    {
      "model": "auth.permission",
      "pk": 151,
      "fields": {
        "name": "Can delete clocked",
        "content_type": 38,
        "codename": "delete_clockedschedule"
      }
    },
    {
      "model": "auth.permission",
      "pk": 152,
      "fields": {
        "name": "Can view clocked",
        "content_type": 38,
        "codename": "view_clockedschedule"
      }
    },
    {
      "model": "auth.user",
      "pk": 1,
      "fields": {
        "password": "pbkdf2_sha256$870000$j5OOODzzc51Fao4SaEIEEy$FpaBnwJBlbK6RMCmzJJTnlzLkO8waMk2pSJhlVELIOM=",
        "last_login": "2024-11-20T20:27:25.510Z",
        "is_superuser": true,
        "username": "pablollh",
        "first_name": "",
        "last_name": "",
        "email": "pablo@huntred.com",
        "is_staff": true,
        "is_active": true,
        "date_joined": "2024-11-20T19:32:26.566Z",
        "groups": [],
        "user_permissions": []
      }
    },
    {
      "model": "contenttypes.contenttype",
      "pk": 1,
      "fields": {
        "app_label": "app",
        "model": "businessunit"
      }
    },
    {
      "model": "contenttypes.contenttype",
      "pk": 2,
      "fields": {
        "app_label": "app",
        "model": "buttons"
      }
    },
    {
      "model": "contenttypes.contenttype",
      "pk": 3,
      "fields": {
        "app_label": "app",
        "model": "chat"
      }
    },
    {
      "model": "contenttypes.contenttype",
      "pk": 4,
      "fields": {
        "app_label": "app",
        "model": "condicion"
      }
    },
    {
      "model": "contenttypes.contenttype",
      "pk": 5,
      "fields": {
        "app_label": "app",
        "model": "etapa"
      }
    },
    {
      "model": "contenttypes.contenttype",
      "pk": 6,
      "fields": {
        "app_label": "app",
        "model": "gptapi"
      }
    },
    {
      "model": "contenttypes.contenttype",
      "pk": 7,
      "fields": {
        "app_label": "app",
        "model": "milkyleak"
      }
    },
    {
      "model": "contenttypes.contenttype",
      "pk": 8,
      "fields": {
        "app_label": "app",
        "model": "person"
      }
    },
    {
      "model": "contenttypes.contenttype",
      "pk": 9,
      "fields": {
        "app_label": "app",
        "model": "smtpconfig"
      }
    },
    {
      "model": "contenttypes.contenttype",
      "pk": 10,
      "fields": {
        "app_label": "app",
        "model": "apiconfig"
      }
    },
    {
      "model": "contenttypes.contenttype",
      "pk": 11,
      "fields": {
        "app_label": "app",
        "model": "configuracionbu"
      }
    },
    {
      "model": "contenttypes.contenttype",
      "pk": 12,
      "fields": {
        "app_label": "app",
        "model": "flowmodel"
      }
    },
    {
      "model": "contenttypes.contenttype",
      "pk": 13,
      "fields": {
        "app_label": "app",
        "model": "configuracion"
      }
    },
    {
      "model": "contenttypes.contenttype",
      "pk": 14,
      "fields": {
        "app_label": "app",
        "model": "metaapi"
      }
    },
    {
      "model": "contenttypes.contenttype",
      "pk": 15,
      "fields": {
        "app_label": "app",
        "model": "messengerapi"
      }
    },
    {
      "model": "contenttypes.contenttype",
      "pk": 16,
      "fields": {
        "app_label": "app",
        "model": "instagramapi"
      }
    },
    {
      "model": "contenttypes.contenttype",
      "pk": 17,
      "fields": {
        "app_label": "app",
        "model": "invitacion"
      }
    },
    {
      "model": "contenttypes.contenttype",
      "pk": 18,
      "fields": {
        "app_label": "app",
        "model": "pregunta"
      }
    },
    {
      "model": "contenttypes.contenttype",
      "pk": 19,
      "fields": {
        "app_label": "app",
        "model": "chatstate"
      }
    },
    {
      "model": "contenttypes.contenttype",
      "pk": 20,
      "fields": {
        "app_label": "app",
        "model": "subpregunta"
      }
    },
    {
      "model": "contenttypes.contenttype",
      "pk": 21,
      "fields": {
        "app_label": "app",
        "model": "telegramapi"
      }
    },
    {
      "model": "contenttypes.contenttype",
      "pk": 22,
      "fields": {
        "app_label": "app",
        "model": "whatsappapi"
      }
    },
    {
      "model": "contenttypes.contenttype",
      "pk": 23,
      "fields": {
        "app_label": "app",
        "model": "worker"
      }
    },
    {
      "model": "contenttypes.contenttype",
      "pk": 24,
      "fields": {
        "app_label": "app",
        "model": "interview"
      }
    },
    {
      "model": "contenttypes.contenttype",
      "pk": 25,
      "fields": {
        "app_label": "menu",
        "model": "bookmark"
      }
    },
    {
      "model": "contenttypes.contenttype",
      "pk": 26,
      "fields": {
        "app_label": "dashboard",
        "model": "dashboardpreferences"
      }
    },
    {
      "model": "contenttypes.contenttype",
      "pk": 27,
      "fields": {
        "app_label": "admin",
        "model": "logentry"
      }
    },
    {
      "model": "contenttypes.contenttype",
      "pk": 28,
      "fields": {
        "app_label": "auth",
        "model": "permission"
      }
    },
    {
      "model": "contenttypes.contenttype",
      "pk": 29,
      "fields": {
        "app_label": "auth",
        "model": "group"
      }
    },
    {
      "model": "contenttypes.contenttype",
      "pk": 30,
      "fields": {
        "app_label": "auth",
        "model": "user"
      }
    },
    {
      "model": "contenttypes.contenttype",
      "pk": 31,
      "fields": {
        "app_label": "contenttypes",
        "model": "contenttype"
      }
    },
    {
      "model": "contenttypes.contenttype",
      "pk": 32,
      "fields": {
        "app_label": "sessions",
        "model": "session"
      }
    },
    {
      "model": "contenttypes.contenttype",
      "pk": 33,
      "fields": {
        "app_label": "django_celery_beat",
        "model": "crontabschedule"
      }
    },
    {
      "model": "contenttypes.contenttype",
      "pk": 34,
      "fields": {
        "app_label": "django_celery_beat",
        "model": "intervalschedule"
      }
    },
    {
      "model": "contenttypes.contenttype",
      "pk": 35,
      "fields": {
        "app_label": "django_celery_beat",
        "model": "periodictask"
      }
    },
    {
      "model": "contenttypes.contenttype",
      "pk": 36,
      "fields": {
        "app_label": "django_celery_beat",
        "model": "periodictasks"
      }
    },
    {
      "model": "contenttypes.contenttype",
      "pk": 37,
      "fields": {
        "app_label": "django_celery_beat",
        "model": "solarschedule"
      }
    },
    {
      "model": "contenttypes.contenttype",
      "pk": 38,
      "fields": {
        "app_label": "django_celery_beat",
        "model": "clockedschedule"
      }
    },
    {
      "model": "sessions.session",
      "pk": "4vo5wso7fz4wjjubn0yt4ba9f22v3jxe",
      "fields": {
        "session_data": ".eJxVjEEOwiAQRe_C2pAOVGBcuu8ZyMCAVA0kpV0Z765NutDtf-_9l_C0rcVvPS1-ZnERIE6_W6D4SHUHfKd6azK2ui5zkLsiD9rl1Dg9r4f7d1Col2-dkRwZ1IPRCMbBSMkMKRiVI1pQWoXMxI5hRAguA7K2mJPVClXU-SzeH9LNN4o:1tDrIL:wLnt3yRn3dFwJAMEQJhkhWdRd5xMc0GgWj0WIY6syP8",
        "expire_date": "2024-12-04T20:27:25.516Z"
      }
    },
    {
      "model": "sessions.session",
      "pk": "l2zipa6b3wn3cvgbznzqd8imxw2w9cdg",
      "fields": {
        "session_data": ".eJxVjEEOwiAQRe_C2hAY2qG4dO8ZyMCAVA0kpV0Z765NutDtf-_9l_C0rcVvPS1-ZnEWWpx-t0DxkeoO-E711mRsdV3mIHdFHrTLa-P0vBzu30GhXr714AgoQ44mRBcmhEiWx-CIlSYLionsYFC7qDCZjGgUIAbLCUcwUxLvD_qlN_g:1tDrCM:btjvilrOnYrTFOPjBN8zurrfav8V1vy2zkhwK2IV2cE",
        "expire_date": "2024-12-04T20:21:14.455Z"
      }
    }
  ]